{
  "@type" : "ComponentTemplate",
  "id" : "6993ad3b-b032-4154-be05-35df43f83409",
  "artifactId" : "Tomcat_Server_c2bc9714_19c3_488b_bdd0_37ee9544a21f_aade4fa90c4a4c8397d9a9bf4d141949",
  "groupId" : "com.hp.csa.template",
  "version" : "1",
  "displayName" : "Tomcat Application Server",
  "description" : "Apache Tomcat Application Server",
  "implementedTypes" : [ {
    "componentId" : {
      "artifactId" : "Tomcat_Server_c2bc9714_19c3_488b_bdd0_37ee9544a21f_aade4fa90c4a4c8397d9a9bf4d141949",
      "groupId" : "com.hp.csa.type",
      "version" : "1"
    },
    "constraints" : { }
  } ],
  "actions" : [ {
    "actionDescriptor" : {
      "name" : "deploy",
      "displayName" : "Deploy Application Server",
      "inputParameters" : [ {
        "name" : "artifactPassword",
        "displayName" : "artifactPassword",
        "required" : false,
        "confidential" : true,
        "displayNames" : {
          "en-US" : {
            "value" : "artifactPassword"
          }
        },
        "descriptions" : { },
        "type" : "string"
      }, {
        "name" : "artifactUrl",
        "displayName" : "artifactUrl",
        "required" : true,
        "confidential" : false,
        "displayNames" : {
          "en-US" : {
            "value" : "artifactUrl"
          }
        },
        "descriptions" : { },
        "type" : "string"
      }, {
        "name" : "artifactUsername",
        "displayName" : "artifactUsername",
        "required" : false,
        "confidential" : false,
        "displayNames" : {
          "en-US" : {
            "value" : "artifactUsername"
          }
        },
        "descriptions" : { },
        "type" : "string"
      }, {
        "name" : "configurationUrl",
        "displayName" : "configurationUrl",
        "required" : true,
        "confidential" : false,
        "displayNames" : {
          "en-US" : {
            "value" : "configurationUrl"
          }
        },
        "descriptions" : { },
        "type" : "string"
      }, {
        "name" : "hostname",
        "displayName" : "hostname",
        "required" : true,
        "confidential" : false,
        "displayNames" : {
          "en-US" : {
            "value" : "hostname"
          }
        },
        "descriptions" : { },
        "type" : "string"
      }, {
        "name" : "installPath",
        "displayName" : "installPath",
        "required" : false,
        "confidential" : false,
        "displayNames" : {
          "en-US" : {
            "value" : "installPath"
          }
        },
        "descriptions" : { },
        "type" : "string"
      }, {
        "name" : "password",
        "displayName" : "password",
        "required" : false,
        "confidential" : true,
        "displayNames" : {
          "en-US" : {
            "value" : "password"
          }
        },
        "descriptions" : { },
        "type" : "string"
      }, {
        "name" : "privatekeyPath",
        "displayName" : "privatekeyPath",
        "required" : false,
        "confidential" : false,
        "displayNames" : {
          "en-US" : {
            "value" : "privatekeyPath"
          }
        },
        "descriptions" : { },
        "type" : "string"
      }, {
        "name" : "remoteFilePath",
        "displayName" : "remoteFilePath",
        "required" : true,
        "confidential" : false,
        "displayNames" : {
          "en-US" : {
            "value" : "remoteFilePath"
          }
        },
        "descriptions" : { },
        "type" : "string"
      }, {
        "name" : "serviceCommand",
        "displayName" : "serviceCommand",
        "required" : true,
        "confidential" : false,
        "displayNames" : {
          "en-US" : {
            "value" : "serviceCommand"
          }
        },
        "descriptions" : { },
        "type" : "string"
      }, {
        "name" : "sshPort",
        "displayName" : "sshPort",
        "required" : true,
        "confidential" : false,
        "displayNames" : {
          "en-US" : {
            "value" : "sshPort"
          }
        },
        "descriptions" : { },
        "type" : "string"
      }, {
        "name" : "username",
        "displayName" : "username",
        "required" : true,
        "confidential" : false,
        "displayNames" : {
          "en-US" : {
            "value" : "username"
          }
        },
        "descriptions" : { },
        "type" : "string"
      } ],
      "outputParameters" : [ {
        "name" : "appPort",
        "displayName" : "appPort",
        "required" : false,
        "confidential" : false,
        "displayNames" : {
          "en-US" : {
            "value" : "appPort"
          }
        },
        "descriptions" : { },
        "type" : "string"
      }, {
        "name" : "appProtocol",
        "displayName" : "appProtocol",
        "required" : false,
        "confidential" : false,
        "displayNames" : {
          "en-US" : {
            "value" : "appProtocol"
          }
        },
        "descriptions" : { },
        "type" : "string"
      }, {
        "name" : "hostname",
        "displayName" : "hostname",
        "required" : false,
        "confidential" : false,
        "displayNames" : {
          "en-US" : {
            "value" : "hostname"
          }
        },
        "descriptions" : { },
        "type" : "string"
      }, {
        "name" : "password",
        "displayName" : "password",
        "required" : false,
        "confidential" : false,
        "displayNames" : {
          "en-US" : {
            "value" : "password"
          }
        },
        "descriptions" : { },
        "type" : "string"
      }, {
        "name" : "port",
        "displayName" : "port",
        "required" : false,
        "confidential" : false,
        "displayNames" : {
          "en-US" : {
            "value" : "port"
          }
        },
        "descriptions" : { },
        "type" : "string"
      }, {
        "name" : "response",
        "displayName" : "response",
        "required" : false,
        "confidential" : false,
        "displayNames" : {
          "en-US" : {
            "value" : "response"
          }
        },
        "descriptions" : { },
        "type" : "string"
      }, {
        "name" : "Result",
        "displayName" : "Result",
        "required" : false,
        "confidential" : false,
        "displayNames" : {
          "en-US" : {
            "value" : "Result"
          }
        },
        "descriptions" : { },
        "type" : "string"
      }, {
        "name" : "username",
        "displayName" : "username",
        "required" : false,
        "confidential" : false,
        "displayNames" : {
          "en-US" : {
            "value" : "username"
          }
        },
        "descriptions" : { },
        "type" : "string"
      } ],
      "lifecycleAction" : "Deploy",
      "final" : false,
      "displayNames" : {
        "en-US" : {
          "value" : "Deploy Application Server"
        }
      },
      "visible" : false,
      "descriptions" : { }
    },
    "processEngineDescriptors" : [ {
      "processEngineId" : "HP_OO",
      "mapping" : {
        "input" : {
          "configurationUrl" : "@PROPERTY:configurationUrl",
          "sshPort" : "@PROPERTY:sshPort",
          "installPath" : "@PROPERTY:installPath",
          "hostname" : "@PROPERTY:installsOn_Tomcat_Server_c2bc9714_19c3_488b_bdd0_37ee9544a21f_aade4fa90c4a4c8397d9a9bf4d141949.ipAddress",
          "password" : "@PROPERTY:installsOn_Tomcat_Server_c2bc9714_19c3_488b_bdd0_37ee9544a21f_aade4fa90c4a4c8397d9a9bf4d141949.password",
          "serviceCommand" : "@PROPERTY:serviceCommand",
          "artifactPassword" : "@PROPERTY:artifactPassword",
          "artifactUrl" : "@PROPERTY:artifactUrl",
          "privatekeyPath" : "@PROPERTY:privatekeyPath",
          "artifactUsername" : "@PROPERTY:artifactUsername",
          "remoteFilePath" : "@PROPERTY:remoteFilePath",
          "username" : "@PROPERTY:installsOn_Tomcat_Server_c2bc9714_19c3_488b_bdd0_37ee9544a21f_aade4fa90c4a4c8397d9a9bf4d141949.username"
        },
        "output" : {
          "hostname" : "@PROPERTY:hostname",
          "password" : "@PROPERTY:password",
          "port" : "@PROPERTY:port",
          "response" : "@PROPERTY:response",
          "appProtocol" : "@PROPERTY:appProtocol",
          "appPort" : "@PROPERTY:appPort",
          "Result" : "@PROPERTY:Result",
          "username" : "@PROPERTY:username"
        }
      },
      "executableId" : "70acb6b1-c9ad-4e21-a3d4-7471dde1ec1d"
    } ]
  } ],
  "relations" : [ ],
  "properties" : [ ],
  "revision" : 0,
  "displayNames" : {
    "en-US" : {
      "value" : "Tomcat Application Server"
    }
  },
  "descriptions" : {
    "en-US" : {
      "value" : "Apache Tomcat Application Server"
    }
  }
}