{
  "@type" : "ComponentType",
  "id" : "2f5698f5-d4e1-4516-a4c0-0f6de05570a2",
  "groupId" : "com.hp.csa.type.scalingGroup",
  "artifactId" : "ScalingGroupType_25c1e78e-4bc3-4b68-a4f4-ff228d73c111",
  "version" : "1",
  "abstract" : false,
  "capability" : false,
  "actions" : [ {
    "name" : "Deploy Application Tier",
    "displayName" : "Deploy Application Tier",
    "inputParameters" : [ {
      "name" : "instanceCount",
      "displayName" : "instanceCount",
      "required" : true,
      "confidential" : false,
      "displayNames" : {
        "en-US" : {
          "value" : "instanceCount"
        }
      },
      "descriptions" : { },
      "type" : "number"
    } ],
    "outputParameters" : [ ],
    "lifecycleAction" : "Deploy",
    "final" : false,
    "displayNames" : {
      "en-US" : {
        "value" : "Deploy Application Tier"
      }
    },
    "visible" : false,
    "descriptions" : { }
  }, {
    "name" : "Undeploy Application Tier",
    "displayName" : "Undeploy Application Tier",
    "inputParameters" : [ {
      "name" : "instanceCount",
      "displayName" : "instanceCount",
      "required" : true,
      "confidential" : false,
      "displayNames" : {
        "en-US" : {
          "value" : "instanceCount"
        }
      },
      "descriptions" : { },
      "type" : "number"
    } ],
    "outputParameters" : [ ],
    "lifecycleAction" : "Undeploy",
    "final" : false,
    "displayNames" : {
      "en-US" : {
        "value" : "Undeploy Application Tier"
      }
    },
    "visible" : false,
    "descriptions" : { }
  }, {
    "name" : "Modify Application Tier",
    "displayName" : "Modify Application Tier",
    "inputParameters" : [ {
      "name" : "instanceCount",
      "displayName" : "instanceCount",
      "required" : true,
      "confidential" : false,
      "displayNames" : {
        "en-US" : {
          "value" : "instanceCount"
        }
      },
      "descriptions" : { },
      "type" : "number"
    }, {
      "name" : "prev_instanceCount",
      "displayName" : "prev_instanceCount",
      "required" : true,
      "confidential" : false,
      "displayNames" : {
        "en-US" : {
          "value" : "prev_instanceCount"
        }
      },
      "descriptions" : { },
      "type" : "number"
    } ],
    "outputParameters" : [ ],
    "lifecycleAction" : "Modify",
    "final" : false,
    "displayNames" : {
      "en-US" : {
        "value" : "Modify Application Tier"
      }
    },
    "visible" : false,
    "descriptions" : { }
  }, {
    "name" : "Unmodify Application Tier",
    "displayName" : "Unmodify Application Tier",
    "inputParameters" : [ {
      "name" : "instanceCount",
      "displayName" : "instanceCount",
      "required" : true,
      "confidential" : false,
      "displayNames" : {
        "en-US" : {
          "value" : "instanceCount"
        }
      },
      "descriptions" : { },
      "type" : "number"
    } ],
    "outputParameters" : [ ],
    "lifecycleAction" : "Unmodify",
    "final" : false,
    "displayNames" : {
      "en-US" : {
        "value" : "Unmodify Application Tier"
      }
    },
    "visible" : false,
    "descriptions" : { }
  } ],
  "relations" : [ ],
  "properties" : [ {
    "name" : "instanceCount",
    "type" : "number",
    "description" : "The number of instances of the group Application Tier that will be provisioned for the topology design",
    "minOccurs" : 1,
    "maxOccurs" : 1,
    "mode" : "INPUT",
    "defaultValue" : {
      "value" : "1",
      "type" : "number"
    },
    "constraint" : {
      "@type" : "range",
      "min" : 1,
      "max" : 2147483647
    },
    "subProperties" : [ ],
    "displayName" : "Instance Count",
    "confidential" : false,
    "tags" : {
      "{urn:x-hp:2013:software:ccue:designer:descriptor-schema}supportsModifyLifecycleAction" : "true",
      "{urn:x-hp:2013:software:ccue:designer:descriptor-schema}tabSet" : "VIEW,EDIT"
    },
    "consumerVisible" : true,
    "displayNames" : {
      "en-US" : {
        "value" : "Instance Count"
      }
    },
    "descriptions" : {
      "en-US" : {
        "value" : "The number of instances of the group Application Tier that will be provisioned for the topology design"
      }
    }
  } ],
  "displayName" : "Application Tier",
  "capabilities" : [ ],
  "characteristics" : [ ],
  "tagIds" : [ ],
  "revision" : 0,
  "resourceType" : "GROUP",
  "tags" : {
    "origin" : "system"
  },
  "final" : true,
  "displayNames" : {
    "en-US" : {
      "value" : "Application Tier"
    }
  },
  "descriptions" : { }
}