{
  "@type" : "ComponentTemplate",
  "id" : "b50b9c5d-d68e-47ff-83d0-c6d15a107ce0",
  "artifactId" : "ScalingGroupTemplate_25c1e78e-4bc3-4b68-a4f4-ff228d73c111",
  "groupId" : "com.hp.csa.template.scalingGroup",
  "version" : "1",
  "displayName" : "Application Tier",
  "implementedTypes" : [ {
    "componentId" : {
      "artifactId" : "ScalingGroupType_25c1e78e-4bc3-4b68-a4f4-ff228d73c111",
      "groupId" : "com.hp.csa.type.scalingGroup",
      "version" : "1"
    },
    "constraints" : { }
  } ],
  "actions" : [ {
    "actionDescriptor" : {
      "name" : "Deploy Application Tier",
      "displayName" : "Deploy Application Tier",
      "inputParameters" : [ {
        "name" : "instanceCount",
        "displayName" : "instanceCount",
        "required" : true,
        "confidential" : false,
        "displayNames" : {
          "en-US" : {
            "value" : "instanceCount"
          }
        },
        "descriptions" : { },
        "type" : "number"
      } ],
      "outputParameters" : [ ],
      "lifecycleAction" : "Deploy",
      "final" : false,
      "displayNames" : {
        "en-US" : {
          "value" : "Deploy Application Tier"
        }
      },
      "visible" : false,
      "descriptions" : { }
    },
    "processEngineDescriptors" : [ {
      "processEngineId" : "HP_OO",
      "mapping" : {
        "input" : {
          "instanceCount" : "@PROPERTY:instanceCount"
        },
        "output" : { }
      },
      "executableId" : ""
    } ]
  }, {
    "actionDescriptor" : {
      "name" : "Undeploy Application Tier",
      "displayName" : "Undeploy Application Tier",
      "inputParameters" : [ {
        "name" : "instanceCount",
        "displayName" : "instanceCount",
        "required" : true,
        "confidential" : false,
        "displayNames" : {
          "en-US" : {
            "value" : "instanceCount"
          }
        },
        "descriptions" : { },
        "type" : "number"
      } ],
      "outputParameters" : [ ],
      "lifecycleAction" : "Undeploy",
      "final" : false,
      "displayNames" : {
        "en-US" : {
          "value" : "Undeploy Application Tier"
        }
      },
      "visible" : false,
      "descriptions" : { }
    },
    "processEngineDescriptors" : [ {
      "processEngineId" : "HP_OO",
      "mapping" : {
        "input" : {
          "instanceCount" : "@PROPERTY:instanceCount"
        },
        "output" : { }
      },
      "executableId" : ""
    } ]
  }, {
    "actionDescriptor" : {
      "name" : "Modify Application Tier",
      "displayName" : "Modify Application Tier",
      "inputParameters" : [ {
        "name" : "instanceCount",
        "displayName" : "instanceCount",
        "required" : true,
        "confidential" : false,
        "displayNames" : {
          "en-US" : {
            "value" : "instanceCount"
          }
        },
        "descriptions" : { },
        "type" : "number"
      }, {
        "name" : "prev_instanceCount",
        "displayName" : "prev_instanceCount",
        "required" : true,
        "confidential" : false,
        "displayNames" : {
          "en-US" : {
            "value" : "prev_instanceCount"
          }
        },
        "descriptions" : { },
        "type" : "number"
      } ],
      "outputParameters" : [ ],
      "lifecycleAction" : "Modify",
      "final" : false,
      "displayNames" : {
        "en-US" : {
          "value" : "Modify Application Tier"
        }
      },
      "visible" : false,
      "descriptions" : { }
    },
    "processEngineDescriptors" : [ {
      "processEngineId" : "HP_OO",
      "mapping" : {
        "input" : {
          "instanceCount" : "@PROPERTY:instanceCount",
          "prev_instanceCount" : "@PROPERTY:prev_instanceCount"
        },
        "output" : { }
      },
      "executableId" : ""
    } ]
  }, {
    "actionDescriptor" : {
      "name" : "Unmodify Application Tier",
      "displayName" : "Unmodify Application Tier",
      "inputParameters" : [ {
        "name" : "instanceCount",
        "displayName" : "instanceCount",
        "required" : true,
        "confidential" : false,
        "displayNames" : {
          "en-US" : {
            "value" : "instanceCount"
          }
        },
        "descriptions" : { },
        "type" : "number"
      } ],
      "outputParameters" : [ ],
      "lifecycleAction" : "Unmodify",
      "final" : false,
      "displayNames" : {
        "en-US" : {
          "value" : "Unmodify Application Tier"
        }
      },
      "visible" : false,
      "descriptions" : { }
    },
    "processEngineDescriptors" : [ {
      "processEngineId" : "HP_OO",
      "mapping" : {
        "input" : {
          "instanceCount" : "@PROPERTY:instanceCount"
        },
        "output" : { }
      },
      "executableId" : ""
    } ]
  } ],
  "relations" : [ ],
  "properties" : [ ],
  "revision" : 0,
  "resourceType" : "GROUP",
  "displayNames" : {
    "en-US" : {
      "value" : "Application Tier"
    }
  },
  "descriptions" : { }
}