<Topology _type="Topology">
  <id>05ffd4da-7ead-4a3f-b40b-b4aaa93ef922</id>
  <groupId>com.hp.csa</groupId>
  <artifactId>8a8187814db77a97014db92a99ef024b</artifactId>
  <version>1.50.00</version>
  <description>A scalable Tomcat stack microservice which can be used to deploy partial PetClinic Application with scalable stack design</description>
  <resources>
    <id>Tomcat_Server_c2bc9714_19c3_488b_bdd0_37ee9544a21f_aade4fa90c4a4c8397d9a9bf4d141949__VERSION__1__GROUPID__com.hp.csa.type0001</id>
    <name>Tomcat</name>
    <componentType>
      <groupId>com.hp.csa.type</groupId>
      <artifactId>Tomcat_Server_c2bc9714_19c3_488b_bdd0_37ee9544a21f_aade4fa90c4a4c8397d9a9bf4d141949</artifactId>
      <version>1</version>
    </componentType>
    <properties>
      <configurationUrl>
        <value/>
        <type>string</type>
      </configurationUrl>
      <sshPort>
        <value>22</value>
        <type>string</type>
      </sshPort>
      <installPath>
        <value/>
        <type>string</type>
      </installPath>
      <appProtocol>
        <value/>
        <type>string</type>
      </appProtocol>
      <_modifiable_properties>
        <value/>
        <type>string</type>
      </_modifiable_properties>
      <appPort>
        <value/>
        <type>string</type>
      </appPort>
      <remoteFilePath>
        <value/>
        <type>string</type>
      </remoteFilePath>
      <Result>
        <value/>
        <type>string</type>
      </Result>
      <hostname>
        <value/>
        <type>string</type>
      </hostname>
      <password>
        <value/>
        <type>string</type>
      </password>
      <serviceCommand>
        <value/>
        <type>string</type>
      </serviceCommand>
      <_enable_modify_during_lifecycle_properties>
        <value/>
        <type>string</type>
      </_enable_modify_during_lifecycle_properties>
      <port>
        <value/>
        <type>string</type>
      </port>
      <response>
        <value/>
        <type>string</type>
      </response>
      <artifactPassword>
        <value/>
        <type>string</type>
      </artifactPassword>
      <artifactUrl>
        <value/>
        <type>string</type>
      </artifactUrl>
      <privatekeyPath>
        <value/>
        <type>string</type>
      </privatekeyPath>
      <artifactUsername>
        <value/>
        <type>string</type>
      </artifactUsername>
      <username>
        <value/>
        <type>string</type>
      </username>
    </properties>
    <outgoingRelations>
      <relationType>association</relationType>
      <id>7dcea3a6-d7f0-9625-dd4e-94d29b1e03d5</id>
      <properties>
        <_enable_modify_during_lifecycle_properties>
          <value/>
          <type>string</type>
        </_enable_modify_during_lifecycle_properties>
        <_modifiable_properties>
          <value/>
          <type>string</type>
        </_modifiable_properties>
        <_relation_type>
          <value>
            <first>Association</first>
            <second>ASSOCIATION</second>
          </value>
          <type>pair</type>
        </_relation_type>
      </properties>
      <relationDescriptorName>installsOn_Tomcat_Server_c2bc9714_19c3_488b_bdd0_37ee9544a21f_aade4fa90c4a4c8397d9a9bf4d141949</relationDescriptorName>
      <topologyResource>
        <id>126dd3d1-2edf-5818-7735-cf029fa77cb5</id>
      </topologyResource>
    </outgoingRelations>
    <tags>
      <uniqueName>
        <value>Tomcat0001</value>
      </uniqueName>
      <displayName>
        <value>Tomcat</value>
      </displayName>
      <x>
        <value>440</value>
      </x>
      <description>
        <value>
      </value>
      </description>
      <y>
        <value>84</value>
      </y>
    </tags>
  </resources>
  <resources>
    <id>126dd3d1-2edf-5818-7735-cf029fa77cb5</id>
    <name>Application Server</name>
    <componentType>
      <groupId>com.hp.csa.type</groupId>
      <artifactId>VcenterServerType</artifactId>
      <version>15.07.0000</version>
    </componentType>
    <properties>
      <customizationSpec>
        <value/>
        <type>string</type>
      </customizationSpec>
      <vmResourcePool>
        <value/>
        <type>string</type>
      </vmResourcePool>
      <vmID>
        <value/>
        <type>string</type>
      </vmID>
      <ipAddress>
        <value/>
        <type>string</type>
      </ipAddress>
      <hostSystem>
        <value/>
        <type>string</type>
      </hostSystem>
      <vmNamePrefix>
        <value/>
        <type>string</type>
      </vmNamePrefix>
      <ipAddressList>
        <value/>
        <type>string</type>
      </ipAddressList>
      <result>
        <value/>
        <type>string</type>
      </result>
      <privateKey>
        <value/>
        <type>string_encrypted</type>
      </privateKey>
      <hostname>
        <value/>
        <type>string</type>
      </hostname>
      <macAddress>
        <value/>
        <type>string</type>
      </macAddress>
      <password>
        <value/>
        <type>string_encrypted</type>
      </password>
      <memorySize>
        <value>512</value>
        <type>number</type>
      </memorySize>
      <vmFolder>
        <value/>
        <type>string</type>
      </vmFolder>
      <clusterName>
        <value/>
        <type>string</type>
      </clusterName>
      <vmTemplateReference>
        <value/>
        <type>string</type>
      </vmTemplateReference>
      <dataStore>
        <value/>
        <type>string</type>
      </dataStore>
      <vmState>
        <value/>
        <type>string</type>
      </vmState>
      <cpuCount>
        <value>2</value>
        <type>number</type>
      </cpuCount>
      <username>
        <value/>
        <type>string</type>
      </username>
    </properties>
    <tags>
      <uniqueName>
        <value>ApplicationServe0001</value>
      </uniqueName>
      <displayName>
        <value>Application Server</value>
      </displayName>
      <x>
        <value>440</value>
      </x>
      <description>
        <value>vCenter Server</value>
      </description>
      <y>
        <value>254</value>
      </y>
    </tags>
  </resources>
  <resources>
    <id>25c1e78e-4bc3-4b68-a4f4-ff228d73c111</id>
    <name>Application Tier</name>
    <componentType>
      <groupId>com.hp.csa.type.scalingGroup</groupId>
      <artifactId>ScalingGroupType_25c1e78e-4bc3-4b68-a4f4-ff228d73c111</artifactId>
      <version>1</version>
    </componentType>
    <properties>
      <instanceCount>
        <value>1</value>
        <type>number</type>
      </instanceCount>
    </properties>
    <outgoingRelations>
      <relationType>aggregation</relationType>
      <id>1b3fb346-0d64-4185-884d-f3bd8c25f0f1</id>
      <topologyResource>
        <id>Tomcat_Server_c2bc9714_19c3_488b_bdd0_37ee9544a21f_aade4fa90c4a4c8397d9a9bf4d141949__VERSION__1__GROUPID__com.hp.csa.type0001</id>
      </topologyResource>
    </outgoingRelations>
    <outgoingRelations>
      <relationType>aggregation</relationType>
      <id>69be4f09-2194-41da-adfc-707c268afaf6</id>
      <topologyResource>
        <id>126dd3d1-2edf-5818-7735-cf029fa77cb5</id>
      </topologyResource>
    </outgoingRelations>
    <templateRef>
      <artifactId>ScalingGroupTemplate_25c1e78e-4bc3-4b68-a4f4-ff228d73c111</artifactId>
      <groupId>com.hp.csa.template.scalingGroup</groupId>
      <version>1</version>
    </templateRef>
    <tags>
      <uniqueName>
        <value>ApplicationTier0001</value>
      </uniqueName>
      <color>
        <value>#7bd148</value>
      </color>
      <iconUrl>
        <value>/csa/api/blobstore/Server_management_RGB_blue_NT.png?tag=library</value>
      </iconUrl>
    </tags>
  </resources>
  <displayName>Scalable Tomcat stack Microservice</displayName>
  <revision>30</revision>
  <properties>
    <metamodelId>
      <value>test</value>
      <type>string</type>
    </metamodelId>
    <is_express>
      <value>false</value>
      <type>boolean</type>
    </is_express>
  </properties>
  <iconUrl>/csa/images/library/tomcat.png</iconUrl>
  <tagIds>
    <tagIds>0c8ae53917c14e8f98a11e45eef386e0</tagIds>
    <tagIds>775566f589944c489c7caaaf91ce3e8d</tagIds>
    <tagIds>d22c213f7e644d1d8362b2830b2c93a9</tagIds>
    <tagIds>ede6b70286454f929d9566b8016f282e</tagIds>
  </tagIds>
  <tags>
    <serviceBlueprintId>
      <value>8a8187814db77a97014db92a9dde025d</value>
    </serviceBlueprintId>
    <providerType>
      <value>independent</value>
    </providerType>
  </tags>
  <createdOn>1433330686480</createdOn>
  <updatedOn>1433332779703</updatedOn>
  <state>UNLOCKED</state>
  <hidden>false</hidden>
  <bound>false</bound>
  <partial>false</partial>
</Topology>