{
  "@type" : "ComponentTemplate",
  "id" : "b9bf8035-5b80-45d6-8c55-269d17fdb4bd",
  "artifactId" : "AmazonServerTemplate",
  "groupId" : "com.hp.csa.type",
  "version" : "15.07.0000",
  "displayName" : "Amazon Server ",
  "description" : "Amazon Server",
  "implementedTypes" : [ {
    "componentId" : {
      "artifactId" : "AmazonServerType",
      "groupId" : "com.hp.csa.type",
      "version" : "15.07.0000"
    },
    "constraints" : { }
  } ],
  "providerType" : "AMAZON_EC2",
  "actions" : [ {
    "actionDescriptor" : {
      "name" : "Deploy_Server_Failure",
      "displayName" : "Deploy Server Failure",
      "description" : "Deploy Server Failure",
      "inputParameters" : [ {
        "name" : "instanceId",
        "displayName" : "instanceId",
        "description" : "instanceId",
        "required" : false,
        "confidential" : false,
        "displayNames" : {
          "en-US" : {
            "value" : "instanceId"
          }
        },
        "descriptions" : {
          "en-US" : {
            "value" : "instanceId"
          }
        },
        "type" : "string"
      }, {
        "name" : "accessKeyId",
        "displayName" : "accessKeyId",
        "description" : "accessKeyId",
        "required" : true,
        "confidential" : false,
        "displayNames" : {
          "en-US" : {
            "value" : "accessKeyId"
          }
        },
        "descriptions" : {
          "en-US" : {
            "value" : "accessKeyId"
          }
        },
        "type" : "string"
      }, {
        "name" : "accessKey",
        "displayName" : "accessKey",
        "description" : "accessKey",
        "required" : true,
        "confidential" : true,
        "displayNames" : {
          "en-US" : {
            "value" : "accessKey"
          }
        },
        "descriptions" : {
          "en-US" : {
            "value" : "accessKey"
          }
        },
        "type" : "string"
      }, {
        "name" : "serviceEndpoint",
        "displayName" : "serviceEndpoint",
        "description" : "serviceEndpoint",
        "required" : true,
        "confidential" : false,
        "displayNames" : {
          "en-US" : {
            "value" : "serviceEndpoint"
          }
        },
        "descriptions" : {
          "en-US" : {
            "value" : "serviceEndpoint"
          }
        },
        "type" : "string"
      } ],
      "outputParameters" : [ {
        "name" : "instanceId",
        "displayName" : "instanceId",
        "description" : "instanceId",
        "required" : true,
        "confidential" : false,
        "displayNames" : {
          "en-US" : {
            "value" : "instanceId"
          }
        },
        "descriptions" : {
          "en-US" : {
            "value" : "instanceId"
          }
        },
        "type" : "string"
      } ],
      "lifecycleAction" : "DeployFailureHandler",
      "final" : false,
      "visible" : false,
      "displayNames" : {
        "en-US" : {
          "value" : "Deploy Server Failure"
        }
      },
      "descriptions" : {
        "en-US" : {
          "value" : "Deploy Server Failure"
        }
      }
    },
    "processEngineDescriptors" : [ {
      "processEngineId" : "HP_OO",
      "mapping" : {
        "input" : {
          "accessKeyId" : "@PROVIDER:AMAZON_EC2:USERNAME",
          "instanceId" : "@PROPERTY:instanceId",
          "accessKey" : "@PROVIDER:AMAZON_EC2:PASSWORD",
          "serviceEndpoint" : "@PROVIDER:AMAZON_EC2:HOST"
        },
        "output" : {
          "instanceId" : "@PROPERTY:instanceId"
        }
      },
      "executableId" : "fd2f0e14-72d1-436f-b648-2830d8343af3"
    } ]
  }, {
    "actionDescriptor" : {
      "name" : "Reboot_Server",
      "displayName" : "Reboot Server",
      "description" : "Reboot Server",
      "inputParameters" : [ {
        "name" : "serviceEndpoint",
        "displayName" : "serviceEndpoint",
        "description" : "serviceEndpoint",
        "required" : true,
        "confidential" : false,
        "displayNames" : {
          "en-US" : {
            "value" : "serviceEndpoint"
          }
        },
        "descriptions" : {
          "en-US" : {
            "value" : "serviceEndpoint"
          }
        },
        "type" : "string"
      }, {
        "name" : "instanceId",
        "displayName" : "instanceId",
        "description" : "instanceId",
        "required" : true,
        "confidential" : false,
        "displayNames" : {
          "en-US" : {
            "value" : "instanceId"
          }
        },
        "descriptions" : {
          "en-US" : {
            "value" : "instanceId"
          }
        },
        "type" : "string"
      }, {
        "name" : "accessKeyId",
        "displayName" : "accessKeyId",
        "description" : "accessKeyId",
        "required" : true,
        "confidential" : false,
        "displayNames" : {
          "en-US" : {
            "value" : "accessKeyId"
          }
        },
        "descriptions" : {
          "en-US" : {
            "value" : "accessKeyId"
          }
        },
        "type" : "string"
      }, {
        "name" : "accessKey",
        "displayName" : "accessKey",
        "description" : "accessKey",
        "required" : true,
        "confidential" : true,
        "displayNames" : {
          "en-US" : {
            "value" : "accessKey"
          }
        },
        "descriptions" : {
          "en-US" : {
            "value" : "accessKey"
          }
        },
        "type" : "string"
      } ],
      "outputParameters" : [ {
        "name" : "instanceStatus",
        "displayName" : "instanceStatus",
        "description" : "instanceStatus",
        "required" : true,
        "confidential" : false,
        "displayNames" : {
          "en-US" : {
            "value" : "instanceStatus"
          }
        },
        "descriptions" : {
          "en-US" : {
            "value" : "instanceStatus"
          }
        },
        "type" : "string"
      }, {
        "name" : "publicIpAddress",
        "displayName" : "publicIpAddress",
        "description" : "publicIpAddress",
        "required" : true,
        "confidential" : false,
        "displayNames" : {
          "en-US" : {
            "value" : "publicIpAddress"
          }
        },
        "descriptions" : {
          "en-US" : {
            "value" : "publicIpAddress"
          }
        },
        "type" : "string"
      }, {
        "name" : "result",
        "displayName" : "result",
        "description" : "result",
        "required" : true,
        "confidential" : false,
        "displayNames" : {
          "en-US" : {
            "value" : "result"
          }
        },
        "descriptions" : {
          "en-US" : {
            "value" : "result"
          }
        },
        "type" : "string"
      } ],
      "final" : false,
      "visible" : true,
      "displayNames" : {
        "en-US" : {
          "value" : "Reboot Server"
        }
      },
      "descriptions" : {
        "en-US" : {
          "value" : "Reboot Server"
        }
      }
    },
    "processEngineDescriptors" : [ {
      "processEngineId" : "HP_OO",
      "mapping" : {
        "input" : {
          "accessKeyId" : "@PROVIDER:AMAZON_EC2:USERNAME",
          "instanceId" : "@PROPERTY:instanceId",
          "accessKey" : "@PROVIDER:AMAZON_EC2:PASSWORD",
          "serviceEndpoint" : "@PROVIDER:AMAZON_EC2:HOST"
        },
        "output" : {
          "result" : "@PROPERTY:result",
          "publicIpAddress" : "@PROPERTY:publicIpAddress",
          "instanceStatus" : "@PROPERTY:instanceStatus"
        }
      },
      "executableId" : "57ad2952-c1f1-448b-a803-b20acce04d91"
    } ]
  }, {
    "actionDescriptor" : {
      "name" : "Start_Server",
      "displayName" : "Start Server",
      "description" : "Start Server",
      "inputParameters" : [ {
        "name" : "serviceEndpoint",
        "displayName" : "serviceEndpoint",
        "description" : "serviceEndpoint",
        "required" : true,
        "confidential" : false,
        "displayNames" : {
          "en-US" : {
            "value" : "serviceEndpoint"
          }
        },
        "descriptions" : {
          "en-US" : {
            "value" : "serviceEndpoint"
          }
        },
        "type" : "string"
      }, {
        "name" : "instanceId",
        "displayName" : "instanceId",
        "description" : "instanceId",
        "required" : true,
        "confidential" : false,
        "displayNames" : {
          "en-US" : {
            "value" : "instanceId"
          }
        },
        "descriptions" : {
          "en-US" : {
            "value" : "instanceId"
          }
        },
        "type" : "string"
      }, {
        "name" : "accessKeyId",
        "displayName" : "accessKeyId",
        "description" : "accessKeyId",
        "required" : true,
        "confidential" : false,
        "displayNames" : {
          "en-US" : {
            "value" : "accessKeyId"
          }
        },
        "descriptions" : {
          "en-US" : {
            "value" : "accessKeyId"
          }
        },
        "type" : "string"
      }, {
        "name" : "accessKey",
        "displayName" : "accessKey",
        "description" : "accessKey",
        "required" : true,
        "confidential" : true,
        "displayNames" : {
          "en-US" : {
            "value" : "accessKey"
          }
        },
        "descriptions" : {
          "en-US" : {
            "value" : "accessKey"
          }
        },
        "type" : "string"
      } ],
      "outputParameters" : [ {
        "name" : "instanceStatus",
        "displayName" : "instanceStatus",
        "description" : "instanceStatus",
        "required" : true,
        "confidential" : false,
        "displayNames" : {
          "en-US" : {
            "value" : "instanceStatus"
          }
        },
        "descriptions" : {
          "en-US" : {
            "value" : "instanceStatus"
          }
        },
        "type" : "string"
      }, {
        "name" : "publicIpAddress",
        "displayName" : "publicIpAddress",
        "description" : "publicIpAddress",
        "required" : true,
        "confidential" : false,
        "displayNames" : {
          "en-US" : {
            "value" : "publicIpAddress"
          }
        },
        "descriptions" : {
          "en-US" : {
            "value" : "publicIpAddress"
          }
        },
        "type" : "string"
      }, {
        "name" : "result",
        "displayName" : "result",
        "description" : "result",
        "required" : true,
        "confidential" : false,
        "displayNames" : {
          "en-US" : {
            "value" : "result"
          }
        },
        "descriptions" : {
          "en-US" : {
            "value" : "result"
          }
        },
        "type" : "string"
      } ],
      "final" : false,
      "visible" : true,
      "displayNames" : {
        "en-US" : {
          "value" : "Start Server"
        }
      },
      "descriptions" : {
        "en-US" : {
          "value" : "Start Server"
        }
      }
    },
    "processEngineDescriptors" : [ {
      "processEngineId" : "HP_OO",
      "mapping" : {
        "input" : {
          "accessKeyId" : "@PROVIDER:AMAZON_EC2:USERNAME",
          "instanceId" : "@PROPERTY:instanceId",
          "accessKey" : "@PROVIDER:AMAZON_EC2:PASSWORD",
          "serviceEndpoint" : "@PROVIDER:AMAZON_EC2:HOST"
        },
        "output" : {
          "result" : "@PROPERTY:result",
          "publicIpAddress" : "@PROPERTY:publicIpAddress",
          "instanceStatus" : "@PROPERTY:instanceStatus"
        }
      },
      "executableId" : "2cc240c1-4007-4766-bf4e-a76b1d770f15"
    } ]
  }, {
    "actionDescriptor" : {
      "name" : "Stop_Server",
      "displayName" : "Stop Server",
      "description" : "Stop Server",
      "inputParameters" : [ {
        "name" : "serviceEndpoint",
        "displayName" : "serviceEndpoint",
        "description" : "serviceEndpoint",
        "required" : true,
        "confidential" : false,
        "displayNames" : {
          "en-US" : {
            "value" : "serviceEndpoint"
          }
        },
        "descriptions" : {
          "en-US" : {
            "value" : "serviceEndpoint"
          }
        },
        "type" : "string"
      }, {
        "name" : "instanceId",
        "displayName" : "instanceId",
        "description" : "instanceId",
        "required" : true,
        "confidential" : false,
        "displayNames" : {
          "en-US" : {
            "value" : "instanceId"
          }
        },
        "descriptions" : {
          "en-US" : {
            "value" : "instanceId"
          }
        },
        "type" : "string"
      }, {
        "name" : "accessKeyId",
        "displayName" : "accessKeyId",
        "description" : "accessKeyId",
        "required" : true,
        "confidential" : false,
        "displayNames" : {
          "en-US" : {
            "value" : "accessKeyId"
          }
        },
        "descriptions" : {
          "en-US" : {
            "value" : "accessKeyId"
          }
        },
        "type" : "string"
      }, {
        "name" : "accessKey",
        "displayName" : "accessKey",
        "description" : "accessKey",
        "required" : true,
        "confidential" : true,
        "displayNames" : {
          "en-US" : {
            "value" : "accessKey"
          }
        },
        "descriptions" : {
          "en-US" : {
            "value" : "accessKey"
          }
        },
        "type" : "string"
      } ],
      "outputParameters" : [ {
        "name" : "instanceStatus",
        "displayName" : "instanceStatus",
        "description" : "instanceStatus",
        "required" : true,
        "confidential" : false,
        "displayNames" : {
          "en-US" : {
            "value" : "instanceStatus"
          }
        },
        "descriptions" : {
          "en-US" : {
            "value" : "instanceStatus"
          }
        },
        "type" : "string"
      }, {
        "name" : "publicIpAddress",
        "displayName" : "publicIpAddress",
        "description" : "publicIpAddress",
        "required" : true,
        "confidential" : false,
        "displayNames" : {
          "en-US" : {
            "value" : "publicIpAddress"
          }
        },
        "descriptions" : {
          "en-US" : {
            "value" : "publicIpAddress"
          }
        },
        "type" : "string"
      }, {
        "name" : "result",
        "displayName" : "result",
        "description" : "result",
        "required" : true,
        "confidential" : false,
        "displayNames" : {
          "en-US" : {
            "value" : "result"
          }
        },
        "descriptions" : {
          "en-US" : {
            "value" : "result"
          }
        },
        "type" : "string"
      } ],
      "final" : false,
      "visible" : true,
      "displayNames" : {
        "en-US" : {
          "value" : "Stop Server"
        }
      },
      "descriptions" : {
        "en-US" : {
          "value" : "Stop Server"
        }
      }
    },
    "processEngineDescriptors" : [ {
      "processEngineId" : "HP_OO",
      "mapping" : {
        "input" : {
          "accessKeyId" : "@PROVIDER:AMAZON_EC2:USERNAME",
          "instanceId" : "@PROPERTY:instanceId",
          "accessKey" : "@PROVIDER:AMAZON_EC2:PASSWORD",
          "serviceEndpoint" : "@PROVIDER:AMAZON_EC2:HOST"
        },
        "output" : {
          "result" : "@PROPERTY:result",
          "publicIpAddress" : "@PROPERTY:publicIpAddress",
          "instanceStatus" : "@PROPERTY:instanceStatus"
        }
      },
      "executableId" : "b01e91c4-df93-4536-b317-3c9b2eeae343"
    } ]
  }, {
    "actionDescriptor" : {
      "name" : "Undeploy_Server",
      "displayName" : "Undeploy Server",
      "description" : "Undeploy Server",
      "inputParameters" : [ {
        "name" : "instanceId",
        "displayName" : "instanceId",
        "description" : "instanceId",
        "required" : true,
        "confidential" : false,
        "displayNames" : {
          "en-US" : {
            "value" : "instanceId"
          }
        },
        "descriptions" : {
          "en-US" : {
            "value" : "instanceId"
          }
        },
        "type" : "string"
      }, {
        "name" : "accessKeyId",
        "displayName" : "accessKeyId",
        "description" : "accessKeyId",
        "required" : true,
        "confidential" : false,
        "displayNames" : {
          "en-US" : {
            "value" : "accessKeyId"
          }
        },
        "descriptions" : {
          "en-US" : {
            "value" : "accessKeyId"
          }
        },
        "type" : "string"
      }, {
        "name" : "accessKey",
        "displayName" : "accessKey",
        "description" : "accessKey",
        "required" : true,
        "confidential" : true,
        "displayNames" : {
          "en-US" : {
            "value" : "accessKey"
          }
        },
        "descriptions" : {
          "en-US" : {
            "value" : "accessKey"
          }
        },
        "type" : "string"
      }, {
        "name" : "serviceEndpoint",
        "displayName" : "serviceEndpoint",
        "description" : "serviceEndpoint",
        "required" : true,
        "confidential" : false,
        "displayNames" : {
          "en-US" : {
            "value" : "serviceEndpoint"
          }
        },
        "descriptions" : {
          "en-US" : {
            "value" : "serviceEndpoint"
          }
        },
        "type" : "string"
      } ],
      "outputParameters" : [ {
        "name" : "result",
        "displayName" : "result",
        "description" : "result",
        "required" : true,
        "confidential" : false,
        "displayNames" : {
          "en-US" : {
            "value" : "result"
          }
        },
        "descriptions" : {
          "en-US" : {
            "value" : "result"
          }
        },
        "type" : "string"
      } ],
      "lifecycleAction" : "Undeploy",
      "final" : false,
      "visible" : false,
      "displayNames" : {
        "en-US" : {
          "value" : "Undeploy Server"
        }
      },
      "descriptions" : {
        "en-US" : {
          "value" : "Undeploy Server"
        }
      }
    },
    "processEngineDescriptors" : [ {
      "processEngineId" : "HP_OO",
      "mapping" : {
        "input" : {
          "accessKeyId" : "@PROVIDER:AMAZON_EC2:USERNAME",
          "instanceId" : "@PROPERTY:instanceId",
          "accessKey" : "@PROVIDER:AMAZON_EC2:PASSWORD",
          "serviceEndpoint" : "@PROVIDER:AMAZON_EC2:HOST"
        },
        "output" : {
          "result" : "@PROPERTY:result"
        }
      },
      "executableId" : "fc7a3352-f9d1-4653-8060-c042491d964f"
    } ]
  }, {
    "actionDescriptor" : {
      "name" : "Deploy_Server",
      "displayName" : "Deploy Server",
      "description" : "Deploy Server",
      "inputParameters" : [ {
        "name" : "availabilityZone",
        "displayName" : "availabilityZone",
        "description" : "availabilityZone",
        "required" : true,
        "confidential" : false,
        "displayNames" : {
          "en-US" : {
            "value" : "availabilityZone"
          }
        },
        "descriptions" : {
          "en-US" : {
            "value" : "availabilityZone"
          }
        },
        "type" : "string"
      }, {
        "name" : "serviceEndpoint",
        "displayName" : "serviceEndpoint",
        "description" : "serviceEndpoint",
        "required" : true,
        "confidential" : false,
        "displayNames" : {
          "en-US" : {
            "value" : "serviceEndpoint"
          }
        },
        "descriptions" : {
          "en-US" : {
            "value" : "serviceEndpoint"
          }
        },
        "type" : "string"
      }, {
        "name" : "accessKeyId",
        "displayName" : "accessKeyId",
        "description" : "accessKeyId",
        "required" : true,
        "confidential" : false,
        "displayNames" : {
          "en-US" : {
            "value" : "accessKeyId"
          }
        },
        "descriptions" : {
          "en-US" : {
            "value" : "accessKeyId"
          }
        },
        "type" : "string"
      }, {
        "name" : "accessKey",
        "displayName" : "accessKey",
        "description" : "accessKey",
        "required" : true,
        "confidential" : true,
        "displayNames" : {
          "en-US" : {
            "value" : "accessKey"
          }
        },
        "descriptions" : {
          "en-US" : {
            "value" : "accessKey"
          }
        },
        "type" : "string"
      }, {
        "name" : "amiId",
        "displayName" : "amiId",
        "description" : "amiId",
        "required" : true,
        "confidential" : false,
        "displayNames" : {
          "en-US" : {
            "value" : "amiId"
          }
        },
        "descriptions" : {
          "en-US" : {
            "value" : "amiId"
          }
        },
        "type" : "string"
      }, {
        "name" : "instanceNamePrefix",
        "displayName" : "instanceNamePrefix",
        "description" : "instanceNamePrefix",
        "required" : true,
        "confidential" : false,
        "displayNames" : {
          "en-US" : {
            "value" : "instanceNamePrefix"
          }
        },
        "descriptions" : {
          "en-US" : {
            "value" : "instanceNamePrefix"
          }
        },
        "type" : "string"
      }, {
        "name" : "keyName",
        "displayName" : "keyName",
        "description" : "keyName",
        "required" : false,
        "confidential" : false,
        "displayNames" : {
          "en-US" : {
            "value" : "keyName"
          }
        },
        "descriptions" : {
          "en-US" : {
            "value" : "keyName"
          }
        },
        "type" : "string"
      }, {
        "name" : "subnetId",
        "displayName" : "subnetId",
        "description" : "subnetId",
        "required" : false,
        "confidential" : false,
        "displayNames" : {
          "en-US" : {
            "value" : "subnetId"
          }
        },
        "descriptions" : {
          "en-US" : {
            "value" : "subnetId"
          }
        },
        "type" : "string"
      }, {
        "name" : "instanceType",
        "displayName" : "instanceType",
        "description" : "instanceType",
        "required" : false,
        "confidential" : false,
        "displayNames" : {
          "en-US" : {
            "value" : "instanceType"
          }
        },
        "descriptions" : {
          "en-US" : {
            "value" : "instanceType"
          }
        },
        "type" : "string"
      }, {
        "name" : "securityGroupIds",
        "displayName" : "securityGroupIds",
        "description" : "securityGroupIds",
        "required" : false,
        "confidential" : false,
        "displayNames" : {
          "en-US" : {
            "value" : "securityGroupIds"
          }
        },
        "descriptions" : {
          "en-US" : {
            "value" : "securityGroupIds"
          }
        },
        "type" : "string"
      }, {
        "name" : "username",
        "displayName" : "username",
        "description" : "username",
        "required" : false,
        "confidential" : false,
        "displayNames" : {
          "en-US" : {
            "value" : "username"
          }
        },
        "descriptions" : {
          "en-US" : {
            "value" : "username"
          }
        },
        "type" : "string"
      }, {
        "name" : "password",
        "displayName" : "password",
        "description" : "password",
        "required" : false,
        "confidential" : true,
        "displayNames" : {
          "en-US" : {
            "value" : "password"
          }
        },
        "descriptions" : {
          "en-US" : {
            "value" : "password"
          }
        },
        "type" : "string"
      }, {
        "name" : "privateKey",
        "displayName" : "privateKey",
        "description" : "privateKey",
        "required" : false,
        "confidential" : true,
        "displayNames" : {
          "en-US" : {
            "value" : "privateKey"
          }
        },
        "descriptions" : {
          "en-US" : {
            "value" : "privateKey"
          }
        },
        "type" : "string"
      } ],
      "outputParameters" : [ {
        "name" : "availabilityZone",
        "displayName" : "availabilityZone",
        "description" : "availabilityZone",
        "required" : true,
        "confidential" : false,
        "displayNames" : {
          "en-US" : {
            "value" : "availabilityZone"
          }
        },
        "descriptions" : {
          "en-US" : {
            "value" : "availabilityZone"
          }
        },
        "type" : "string"
      }, {
        "name" : "instanceId",
        "displayName" : "instanceId",
        "description" : "instanceId",
        "required" : true,
        "confidential" : false,
        "displayNames" : {
          "en-US" : {
            "value" : "instanceId"
          }
        },
        "descriptions" : {
          "en-US" : {
            "value" : "instanceId"
          }
        },
        "type" : "string"
      }, {
        "name" : "instanceName",
        "displayName" : "instanceName",
        "description" : "instanceName",
        "required" : true,
        "confidential" : false,
        "displayNames" : {
          "en-US" : {
            "value" : "instanceName"
          }
        },
        "descriptions" : {
          "en-US" : {
            "value" : "instanceName"
          }
        },
        "type" : "string"
      }, {
        "name" : "instanceStatus",
        "displayName" : "instanceStatus",
        "description" : "instanceStatus",
        "required" : true,
        "confidential" : false,
        "displayNames" : {
          "en-US" : {
            "value" : "instanceStatus"
          }
        },
        "descriptions" : {
          "en-US" : {
            "value" : "instanceStatus"
          }
        },
        "type" : "string"
      }, {
        "name" : "privateIpAddress",
        "displayName" : "privateIpAddress",
        "description" : "privateIpAddress",
        "required" : true,
        "confidential" : false,
        "displayNames" : {
          "en-US" : {
            "value" : "privateIpAddress"
          }
        },
        "descriptions" : {
          "en-US" : {
            "value" : "privateIpAddress"
          }
        },
        "type" : "string"
      }, {
        "name" : "publicIpAddress",
        "displayName" : "publicIpAddress",
        "description" : "publicIpAddress",
        "required" : true,
        "confidential" : false,
        "displayNames" : {
          "en-US" : {
            "value" : "publicIpAddress"
          }
        },
        "descriptions" : {
          "en-US" : {
            "value" : "publicIpAddress"
          }
        },
        "type" : "string"
      }, {
        "name" : "result",
        "displayName" : "result",
        "description" : "result",
        "required" : true,
        "confidential" : false,
        "displayNames" : {
          "en-US" : {
            "value" : "result"
          }
        },
        "descriptions" : {
          "en-US" : {
            "value" : "result"
          }
        },
        "type" : "string"
      }, {
        "name" : "subnetId",
        "displayName" : "subnetId",
        "description" : "subnetId",
        "required" : true,
        "confidential" : false,
        "displayNames" : {
          "en-US" : {
            "value" : "subnetId"
          }
        },
        "descriptions" : {
          "en-US" : {
            "value" : "subnetId"
          }
        },
        "type" : "string"
      }, {
        "name" : "vpcId",
        "displayName" : "vpcId",
        "description" : "vpcId",
        "required" : true,
        "confidential" : false,
        "displayNames" : {
          "en-US" : {
            "value" : "vpcId"
          }
        },
        "descriptions" : {
          "en-US" : {
            "value" : "vpcId"
          }
        },
        "type" : "string"
      } ],
      "lifecycleAction" : "Deploy",
      "final" : false,
      "visible" : false,
      "displayNames" : {
        "en-US" : {
          "value" : "Deploy Server"
        }
      },
      "descriptions" : {
        "en-US" : {
          "value" : "Deploy Server"
        }
      }
    },
    "processEngineDescriptors" : [ {
      "processEngineId" : "HP_OO",
      "mapping" : {
        "input" : {
          "accessKeyId" : "@PROVIDER:AMAZON_EC2:USERNAME",
          "subnetId" : "@PROPERTY:subnetId",
          "instanceType" : "@PROPERTY:instanceType",
          "keyName" : "@PROPERTY:keyName",
          "serviceEndpoint" : "@PROVIDER:AMAZON_EC2:HOST",
          "availabilityZone" : "@PROPERTY:availabilityZone",
          "privateKey" : "@PROPERTY:privateKey",
          "amiId" : "@PROPERTY:amiId",
          "password" : "@PROPERTY:password",
          "accessKey" : "@PROVIDER:AMAZON_EC2:PASSWORD",
          "instanceNamePrefix" : "@PROPERTY:instanceNamePrefix",
          "securityGroupIds" : "@PROPERTY:securityGroupIds",
          "username" : "@PROPERTY:username"
        },
        "output" : {
          "result" : "@PROPERTY:result",
          "subnetId" : "@PROPERTY:subnetId",
          "instanceId" : "@PROPERTY:instanceId",
          "instanceName" : "@PROPERTY:instanceName",
          "publicIpAddress" : "@PROPERTY:publicIpAddress",
          "vpcId" : "@PROPERTY:vpcId",
          "availabilityZone" : "@PROPERTY:availabilityZone",
          "instanceStatus" : "@PROPERTY:instanceStatus",
          "privateIpAddress" : "@PROPERTY:privateIpAddress"
        }
      },
      "executableId" : "fbac2047-c3ef-4f20-94aa-edc060f624a0"
    } ]
  } ],
  "relations" : [ ],
  "properties" : [ ],
  "revision" : 0,
  "resourceType" : "SERVER",
  "displayNames" : {
    "en-US" : {
      "value" : "Amazon Server "
    }
  },
  "descriptions" : {
    "en-US" : {
      "value" : "Amazon Server"
    }
  }
}