{
  "@type" : "ComponentType",
  "id" : "15d1f38c-e809-4322-bf93-f3a66c39b46f",
  "groupId" : "com.hp.csa.type",
  "artifactId" : "AmazonServerType",
  "version" : "15.07.0000",
  "abstract" : false,
  "capability" : false,
  "description" : "Amazon Server",
  "actions" : [ {
    "name" : "Deploy_Server_Failure",
    "displayName" : "Deploy Server Failure",
    "description" : "Deploy Server Failure",
    "inputParameters" : [ {
      "name" : "instanceId",
      "displayName" : "instanceId",
      "description" : "instanceId",
      "required" : false,
      "confidential" : false,
      "displayNames" : {
        "en-US" : {
          "value" : "instanceId"
        }
      },
      "descriptions" : {
        "en-US" : {
          "value" : "instanceId"
        }
      },
      "type" : "string"
    }, {
      "name" : "accessKeyId",
      "displayName" : "accessKeyId",
      "description" : "accessKeyId",
      "required" : true,
      "confidential" : false,
      "displayNames" : {
        "en-US" : {
          "value" : "accessKeyId"
        }
      },
      "descriptions" : {
        "en-US" : {
          "value" : "accessKeyId"
        }
      },
      "type" : "string"
    }, {
      "name" : "accessKey",
      "displayName" : "accessKey",
      "description" : "accessKey",
      "required" : true,
      "confidential" : true,
      "displayNames" : {
        "en-US" : {
          "value" : "accessKey"
        }
      },
      "descriptions" : {
        "en-US" : {
          "value" : "accessKey"
        }
      },
      "type" : "string"
    }, {
      "name" : "serviceEndpoint",
      "displayName" : "serviceEndpoint",
      "description" : "serviceEndpoint",
      "required" : true,
      "confidential" : false,
      "displayNames" : {
        "en-US" : {
          "value" : "serviceEndpoint"
        }
      },
      "descriptions" : {
        "en-US" : {
          "value" : "serviceEndpoint"
        }
      },
      "type" : "string"
    } ],
    "outputParameters" : [ {
      "name" : "instanceId",
      "displayName" : "instanceId",
      "description" : "instanceId",
      "required" : true,
      "confidential" : false,
      "displayNames" : {
        "en-US" : {
          "value" : "instanceId"
        }
      },
      "descriptions" : {
        "en-US" : {
          "value" : "instanceId"
        }
      },
      "type" : "string"
    } ],
    "lifecycleAction" : "DeployFailureHandler",
    "final" : false,
    "visible" : false,
    "displayNames" : {
      "en-US" : {
        "value" : "Deploy Server Failure"
      }
    },
    "descriptions" : {
      "en-US" : {
        "value" : "Deploy Server Failure"
      }
    }
  }, {
    "name" : "Reboot_Server",
    "displayName" : "Reboot Server",
    "description" : "Reboot Server",
    "inputParameters" : [ {
      "name" : "serviceEndpoint",
      "displayName" : "serviceEndpoint",
      "description" : "serviceEndpoint",
      "required" : true,
      "confidential" : false,
      "displayNames" : {
        "en-US" : {
          "value" : "serviceEndpoint"
        }
      },
      "descriptions" : {
        "en-US" : {
          "value" : "serviceEndpoint"
        }
      },
      "type" : "string"
    }, {
      "name" : "instanceId",
      "displayName" : "instanceId",
      "description" : "instanceId",
      "required" : true,
      "confidential" : false,
      "displayNames" : {
        "en-US" : {
          "value" : "instanceId"
        }
      },
      "descriptions" : {
        "en-US" : {
          "value" : "instanceId"
        }
      },
      "type" : "string"
    }, {
      "name" : "accessKeyId",
      "displayName" : "accessKeyId",
      "description" : "accessKeyId",
      "required" : true,
      "confidential" : false,
      "displayNames" : {
        "en-US" : {
          "value" : "accessKeyId"
        }
      },
      "descriptions" : {
        "en-US" : {
          "value" : "accessKeyId"
        }
      },
      "type" : "string"
    }, {
      "name" : "accessKey",
      "displayName" : "accessKey",
      "description" : "accessKey",
      "required" : true,
      "confidential" : true,
      "displayNames" : {
        "en-US" : {
          "value" : "accessKey"
        }
      },
      "descriptions" : {
        "en-US" : {
          "value" : "accessKey"
        }
      },
      "type" : "string"
    } ],
    "outputParameters" : [ {
      "name" : "instanceStatus",
      "displayName" : "instanceStatus",
      "description" : "instanceStatus",
      "required" : true,
      "confidential" : false,
      "displayNames" : {
        "en-US" : {
          "value" : "instanceStatus"
        }
      },
      "descriptions" : {
        "en-US" : {
          "value" : "instanceStatus"
        }
      },
      "type" : "string"
    }, {
      "name" : "publicIpAddress",
      "displayName" : "publicIpAddress",
      "description" : "publicIpAddress",
      "required" : true,
      "confidential" : false,
      "displayNames" : {
        "en-US" : {
          "value" : "publicIpAddress"
        }
      },
      "descriptions" : {
        "en-US" : {
          "value" : "publicIpAddress"
        }
      },
      "type" : "string"
    }, {
      "name" : "result",
      "displayName" : "result",
      "description" : "result",
      "required" : true,
      "confidential" : false,
      "displayNames" : {
        "en-US" : {
          "value" : "result"
        }
      },
      "descriptions" : {
        "en-US" : {
          "value" : "result"
        }
      },
      "type" : "string"
    } ],
    "final" : false,
    "visible" : true,
    "displayNames" : {
      "en-US" : {
        "value" : "Reboot Server"
      }
    },
    "descriptions" : {
      "en-US" : {
        "value" : "Reboot Server"
      }
    }
  }, {
    "name" : "Start_Server",
    "displayName" : "Start Server",
    "description" : "Start Server",
    "inputParameters" : [ {
      "name" : "serviceEndpoint",
      "displayName" : "serviceEndpoint",
      "description" : "serviceEndpoint",
      "required" : true,
      "confidential" : false,
      "displayNames" : {
        "en-US" : {
          "value" : "serviceEndpoint"
        }
      },
      "descriptions" : {
        "en-US" : {
          "value" : "serviceEndpoint"
        }
      },
      "type" : "string"
    }, {
      "name" : "instanceId",
      "displayName" : "instanceId",
      "description" : "instanceId",
      "required" : true,
      "confidential" : false,
      "displayNames" : {
        "en-US" : {
          "value" : "instanceId"
        }
      },
      "descriptions" : {
        "en-US" : {
          "value" : "instanceId"
        }
      },
      "type" : "string"
    }, {
      "name" : "accessKeyId",
      "displayName" : "accessKeyId",
      "description" : "accessKeyId",
      "required" : true,
      "confidential" : false,
      "displayNames" : {
        "en-US" : {
          "value" : "accessKeyId"
        }
      },
      "descriptions" : {
        "en-US" : {
          "value" : "accessKeyId"
        }
      },
      "type" : "string"
    }, {
      "name" : "accessKey",
      "displayName" : "accessKey",
      "description" : "accessKey",
      "required" : true,
      "confidential" : true,
      "displayNames" : {
        "en-US" : {
          "value" : "accessKey"
        }
      },
      "descriptions" : {
        "en-US" : {
          "value" : "accessKey"
        }
      },
      "type" : "string"
    } ],
    "outputParameters" : [ {
      "name" : "instanceStatus",
      "displayName" : "instanceStatus",
      "description" : "instanceStatus",
      "required" : true,
      "confidential" : false,
      "displayNames" : {
        "en-US" : {
          "value" : "instanceStatus"
        }
      },
      "descriptions" : {
        "en-US" : {
          "value" : "instanceStatus"
        }
      },
      "type" : "string"
    }, {
      "name" : "publicIpAddress",
      "displayName" : "publicIpAddress",
      "description" : "publicIpAddress",
      "required" : true,
      "confidential" : false,
      "displayNames" : {
        "en-US" : {
          "value" : "publicIpAddress"
        }
      },
      "descriptions" : {
        "en-US" : {
          "value" : "publicIpAddress"
        }
      },
      "type" : "string"
    }, {
      "name" : "result",
      "displayName" : "result",
      "description" : "result",
      "required" : true,
      "confidential" : false,
      "displayNames" : {
        "en-US" : {
          "value" : "result"
        }
      },
      "descriptions" : {
        "en-US" : {
          "value" : "result"
        }
      },
      "type" : "string"
    } ],
    "final" : false,
    "visible" : true,
    "displayNames" : {
      "en-US" : {
        "value" : "Start Server"
      }
    },
    "descriptions" : {
      "en-US" : {
        "value" : "Start Server"
      }
    }
  }, {
    "name" : "Stop_Server",
    "displayName" : "Stop Server",
    "description" : "Stop Server",
    "inputParameters" : [ {
      "name" : "serviceEndpoint",
      "displayName" : "serviceEndpoint",
      "description" : "serviceEndpoint",
      "required" : true,
      "confidential" : false,
      "displayNames" : {
        "en-US" : {
          "value" : "serviceEndpoint"
        }
      },
      "descriptions" : {
        "en-US" : {
          "value" : "serviceEndpoint"
        }
      },
      "type" : "string"
    }, {
      "name" : "instanceId",
      "displayName" : "instanceId",
      "description" : "instanceId",
      "required" : true,
      "confidential" : false,
      "displayNames" : {
        "en-US" : {
          "value" : "instanceId"
        }
      },
      "descriptions" : {
        "en-US" : {
          "value" : "instanceId"
        }
      },
      "type" : "string"
    }, {
      "name" : "accessKeyId",
      "displayName" : "accessKeyId",
      "description" : "accessKeyId",
      "required" : true,
      "confidential" : false,
      "displayNames" : {
        "en-US" : {
          "value" : "accessKeyId"
        }
      },
      "descriptions" : {
        "en-US" : {
          "value" : "accessKeyId"
        }
      },
      "type" : "string"
    }, {
      "name" : "accessKey",
      "displayName" : "accessKey",
      "description" : "accessKey",
      "required" : true,
      "confidential" : true,
      "displayNames" : {
        "en-US" : {
          "value" : "accessKey"
        }
      },
      "descriptions" : {
        "en-US" : {
          "value" : "accessKey"
        }
      },
      "type" : "string"
    } ],
    "outputParameters" : [ {
      "name" : "instanceStatus",
      "displayName" : "instanceStatus",
      "description" : "instanceStatus",
      "required" : true,
      "confidential" : false,
      "displayNames" : {
        "en-US" : {
          "value" : "instanceStatus"
        }
      },
      "descriptions" : {
        "en-US" : {
          "value" : "instanceStatus"
        }
      },
      "type" : "string"
    }, {
      "name" : "publicIpAddress",
      "displayName" : "publicIpAddress",
      "description" : "publicIpAddress",
      "required" : true,
      "confidential" : false,
      "displayNames" : {
        "en-US" : {
          "value" : "publicIpAddress"
        }
      },
      "descriptions" : {
        "en-US" : {
          "value" : "publicIpAddress"
        }
      },
      "type" : "string"
    }, {
      "name" : "result",
      "displayName" : "result",
      "description" : "result",
      "required" : true,
      "confidential" : false,
      "displayNames" : {
        "en-US" : {
          "value" : "result"
        }
      },
      "descriptions" : {
        "en-US" : {
          "value" : "result"
        }
      },
      "type" : "string"
    } ],
    "final" : false,
    "visible" : true,
    "displayNames" : {
      "en-US" : {
        "value" : "Stop Server"
      }
    },
    "descriptions" : {
      "en-US" : {
        "value" : "Stop Server"
      }
    }
  }, {
    "name" : "Undeploy_Server",
    "displayName" : "Undeploy Server",
    "description" : "Undeploy Server",
    "inputParameters" : [ {
      "name" : "instanceId",
      "displayName" : "instanceId",
      "description" : "instanceId",
      "required" : true,
      "confidential" : false,
      "displayNames" : {
        "en-US" : {
          "value" : "instanceId"
        }
      },
      "descriptions" : {
        "en-US" : {
          "value" : "instanceId"
        }
      },
      "type" : "string"
    }, {
      "name" : "accessKeyId",
      "displayName" : "accessKeyId",
      "description" : "accessKeyId",
      "required" : true,
      "confidential" : false,
      "displayNames" : {
        "en-US" : {
          "value" : "accessKeyId"
        }
      },
      "descriptions" : {
        "en-US" : {
          "value" : "accessKeyId"
        }
      },
      "type" : "string"
    }, {
      "name" : "accessKey",
      "displayName" : "accessKey",
      "description" : "accessKey",
      "required" : true,
      "confidential" : true,
      "displayNames" : {
        "en-US" : {
          "value" : "accessKey"
        }
      },
      "descriptions" : {
        "en-US" : {
          "value" : "accessKey"
        }
      },
      "type" : "string"
    }, {
      "name" : "serviceEndpoint",
      "displayName" : "serviceEndpoint",
      "description" : "serviceEndpoint",
      "required" : true,
      "confidential" : false,
      "displayNames" : {
        "en-US" : {
          "value" : "serviceEndpoint"
        }
      },
      "descriptions" : {
        "en-US" : {
          "value" : "serviceEndpoint"
        }
      },
      "type" : "string"
    } ],
    "outputParameters" : [ {
      "name" : "result",
      "displayName" : "result",
      "description" : "result",
      "required" : true,
      "confidential" : false,
      "displayNames" : {
        "en-US" : {
          "value" : "result"
        }
      },
      "descriptions" : {
        "en-US" : {
          "value" : "result"
        }
      },
      "type" : "string"
    } ],
    "lifecycleAction" : "Undeploy",
    "final" : false,
    "visible" : false,
    "displayNames" : {
      "en-US" : {
        "value" : "Undeploy Server"
      }
    },
    "descriptions" : {
      "en-US" : {
        "value" : "Undeploy Server"
      }
    }
  }, {
    "name" : "Deploy_Server",
    "displayName" : "Deploy Server",
    "description" : "Deploy Server",
    "inputParameters" : [ {
      "name" : "availabilityZone",
      "displayName" : "availabilityZone",
      "description" : "availabilityZone",
      "required" : true,
      "confidential" : false,
      "displayNames" : {
        "en-US" : {
          "value" : "availabilityZone"
        }
      },
      "descriptions" : {
        "en-US" : {
          "value" : "availabilityZone"
        }
      },
      "type" : "string"
    }, {
      "name" : "serviceEndpoint",
      "displayName" : "serviceEndpoint",
      "description" : "serviceEndpoint",
      "required" : true,
      "confidential" : false,
      "displayNames" : {
        "en-US" : {
          "value" : "serviceEndpoint"
        }
      },
      "descriptions" : {
        "en-US" : {
          "value" : "serviceEndpoint"
        }
      },
      "type" : "string"
    }, {
      "name" : "accessKeyId",
      "displayName" : "accessKeyId",
      "description" : "accessKeyId",
      "required" : true,
      "confidential" : false,
      "displayNames" : {
        "en-US" : {
          "value" : "accessKeyId"
        }
      },
      "descriptions" : {
        "en-US" : {
          "value" : "accessKeyId"
        }
      },
      "type" : "string"
    }, {
      "name" : "accessKey",
      "displayName" : "accessKey",
      "description" : "accessKey",
      "required" : true,
      "confidential" : true,
      "displayNames" : {
        "en-US" : {
          "value" : "accessKey"
        }
      },
      "descriptions" : {
        "en-US" : {
          "value" : "accessKey"
        }
      },
      "type" : "string"
    }, {
      "name" : "amiId",
      "displayName" : "amiId",
      "description" : "amiId",
      "required" : true,
      "confidential" : false,
      "displayNames" : {
        "en-US" : {
          "value" : "amiId"
        }
      },
      "descriptions" : {
        "en-US" : {
          "value" : "amiId"
        }
      },
      "type" : "string"
    }, {
      "name" : "instanceNamePrefix",
      "displayName" : "instanceNamePrefix",
      "description" : "instanceNamePrefix",
      "required" : true,
      "confidential" : false,
      "displayNames" : {
        "en-US" : {
          "value" : "instanceNamePrefix"
        }
      },
      "descriptions" : {
        "en-US" : {
          "value" : "instanceNamePrefix"
        }
      },
      "type" : "string"
    }, {
      "name" : "keyName",
      "displayName" : "keyName",
      "description" : "keyName",
      "required" : false,
      "confidential" : false,
      "displayNames" : {
        "en-US" : {
          "value" : "keyName"
        }
      },
      "descriptions" : {
        "en-US" : {
          "value" : "keyName"
        }
      },
      "type" : "string"
    }, {
      "name" : "subnetId",
      "displayName" : "subnetId",
      "description" : "subnetId",
      "required" : false,
      "confidential" : false,
      "displayNames" : {
        "en-US" : {
          "value" : "subnetId"
        }
      },
      "descriptions" : {
        "en-US" : {
          "value" : "subnetId"
        }
      },
      "type" : "string"
    }, {
      "name" : "instanceType",
      "displayName" : "instanceType",
      "description" : "instanceType",
      "required" : false,
      "confidential" : false,
      "displayNames" : {
        "en-US" : {
          "value" : "instanceType"
        }
      },
      "descriptions" : {
        "en-US" : {
          "value" : "instanceType"
        }
      },
      "type" : "string"
    }, {
      "name" : "securityGroupIds",
      "displayName" : "securityGroupIds",
      "description" : "securityGroupIds",
      "required" : false,
      "confidential" : false,
      "displayNames" : {
        "en-US" : {
          "value" : "securityGroupIds"
        }
      },
      "descriptions" : {
        "en-US" : {
          "value" : "securityGroupIds"
        }
      },
      "type" : "string"
    }, {
      "name" : "username",
      "displayName" : "username",
      "description" : "username",
      "required" : false,
      "confidential" : false,
      "displayNames" : {
        "en-US" : {
          "value" : "username"
        }
      },
      "descriptions" : {
        "en-US" : {
          "value" : "username"
        }
      },
      "type" : "string"
    }, {
      "name" : "password",
      "displayName" : "password",
      "description" : "password",
      "required" : false,
      "confidential" : true,
      "displayNames" : {
        "en-US" : {
          "value" : "password"
        }
      },
      "descriptions" : {
        "en-US" : {
          "value" : "password"
        }
      },
      "type" : "string"
    }, {
      "name" : "privateKey",
      "displayName" : "privateKey",
      "description" : "privateKey",
      "required" : false,
      "confidential" : true,
      "displayNames" : {
        "en-US" : {
          "value" : "privateKey"
        }
      },
      "descriptions" : {
        "en-US" : {
          "value" : "privateKey"
        }
      },
      "type" : "string"
    } ],
    "outputParameters" : [ {
      "name" : "availabilityZone",
      "displayName" : "availabilityZone",
      "description" : "availabilityZone",
      "required" : true,
      "confidential" : false,
      "displayNames" : {
        "en-US" : {
          "value" : "availabilityZone"
        }
      },
      "descriptions" : {
        "en-US" : {
          "value" : "availabilityZone"
        }
      },
      "type" : "string"
    }, {
      "name" : "instanceId",
      "displayName" : "instanceId",
      "description" : "instanceId",
      "required" : true,
      "confidential" : false,
      "displayNames" : {
        "en-US" : {
          "value" : "instanceId"
        }
      },
      "descriptions" : {
        "en-US" : {
          "value" : "instanceId"
        }
      },
      "type" : "string"
    }, {
      "name" : "instanceName",
      "displayName" : "instanceName",
      "description" : "instanceName",
      "required" : true,
      "confidential" : false,
      "displayNames" : {
        "en-US" : {
          "value" : "instanceName"
        }
      },
      "descriptions" : {
        "en-US" : {
          "value" : "instanceName"
        }
      },
      "type" : "string"
    }, {
      "name" : "instanceStatus",
      "displayName" : "instanceStatus",
      "description" : "instanceStatus",
      "required" : true,
      "confidential" : false,
      "displayNames" : {
        "en-US" : {
          "value" : "instanceStatus"
        }
      },
      "descriptions" : {
        "en-US" : {
          "value" : "instanceStatus"
        }
      },
      "type" : "string"
    }, {
      "name" : "privateIpAddress",
      "displayName" : "privateIpAddress",
      "description" : "privateIpAddress",
      "required" : true,
      "confidential" : false,
      "displayNames" : {
        "en-US" : {
          "value" : "privateIpAddress"
        }
      },
      "descriptions" : {
        "en-US" : {
          "value" : "privateIpAddress"
        }
      },
      "type" : "string"
    }, {
      "name" : "publicIpAddress",
      "displayName" : "publicIpAddress",
      "description" : "publicIpAddress",
      "required" : true,
      "confidential" : false,
      "displayNames" : {
        "en-US" : {
          "value" : "publicIpAddress"
        }
      },
      "descriptions" : {
        "en-US" : {
          "value" : "publicIpAddress"
        }
      },
      "type" : "string"
    }, {
      "name" : "result",
      "displayName" : "result",
      "description" : "result",
      "required" : true,
      "confidential" : false,
      "displayNames" : {
        "en-US" : {
          "value" : "result"
        }
      },
      "descriptions" : {
        "en-US" : {
          "value" : "result"
        }
      },
      "type" : "string"
    }, {
      "name" : "subnetId",
      "displayName" : "subnetId",
      "description" : "subnetId",
      "required" : true,
      "confidential" : false,
      "displayNames" : {
        "en-US" : {
          "value" : "subnetId"
        }
      },
      "descriptions" : {
        "en-US" : {
          "value" : "subnetId"
        }
      },
      "type" : "string"
    }, {
      "name" : "vpcId",
      "displayName" : "vpcId",
      "description" : "vpcId",
      "required" : true,
      "confidential" : false,
      "displayNames" : {
        "en-US" : {
          "value" : "vpcId"
        }
      },
      "descriptions" : {
        "en-US" : {
          "value" : "vpcId"
        }
      },
      "type" : "string"
    } ],
    "lifecycleAction" : "Deploy",
    "final" : false,
    "visible" : false,
    "displayNames" : {
      "en-US" : {
        "value" : "Deploy Server"
      }
    },
    "descriptions" : {
      "en-US" : {
        "value" : "Deploy Server"
      }
    }
  } ],
  "relations" : [ ],
  "properties" : [ {
    "name" : "instanceId",
    "type" : "string",
    "description" : "instanceId property.",
    "minOccurs" : 0,
    "maxOccurs" : 1,
    "mode" : "INPUT_OUTPUT",
    "subProperties" : [ ],
    "displayName" : "instanceId",
    "confidential" : false,
    "tags" : {
      "{urn:x-hp:2013:software:ccue:designer:descriptor-schema}tabSet" : "VIEW"
    },
    "consumerVisible" : true,
    "displayNames" : {
      "en-US" : {
        "value" : "instanceId"
      }
    },
    "descriptions" : {
      "en-US" : {
        "value" : "instanceId property."
      }
    }
  }, {
    "name" : "instanceStatus",
    "type" : "string",
    "description" : "instanceStatus property.",
    "minOccurs" : 0,
    "maxOccurs" : 1,
    "mode" : "OUTPUT",
    "subProperties" : [ ],
    "displayName" : "instanceStatus",
    "confidential" : false,
    "tags" : {
      "{urn:x-hp:2013:software:ccue:designer:descriptor-schema}tabSet" : "VIEW"
    },
    "consumerVisible" : true,
    "displayNames" : {
      "en-US" : {
        "value" : "instanceStatus"
      }
    },
    "descriptions" : {
      "en-US" : {
        "value" : "instanceStatus property."
      }
    }
  }, {
    "name" : "publicIpAddress",
    "type" : "string",
    "description" : "publicIpAddress property.",
    "minOccurs" : 0,
    "maxOccurs" : 1,
    "mode" : "OUTPUT",
    "subProperties" : [ ],
    "displayName" : "publicIpAddress",
    "confidential" : false,
    "tags" : {
      "{urn:x-hp:2013:software:ccue:designer:descriptor-schema}tabSet" : "VIEW"
    },
    "consumerVisible" : true,
    "displayNames" : {
      "en-US" : {
        "value" : "publicIpAddress"
      }
    },
    "descriptions" : {
      "en-US" : {
        "value" : "publicIpAddress property."
      }
    }
  }, {
    "name" : "result",
    "type" : "string",
    "description" : "result property.",
    "minOccurs" : 0,
    "maxOccurs" : 1,
    "mode" : "OUTPUT",
    "subProperties" : [ ],
    "displayName" : "result",
    "confidential" : false,
    "tags" : {
      "{urn:x-hp:2013:software:ccue:designer:descriptor-schema}tabSet" : "VIEW"
    },
    "consumerVisible" : true,
    "displayNames" : {
      "en-US" : {
        "value" : "result"
      }
    },
    "descriptions" : {
      "en-US" : {
        "value" : "result property."
      }
    }
  }, {
    "name" : "availabilityZone",
    "type" : "string",
    "description" : "The availability zone in which the instance is located. Availability Zones are distinct locations within a region that are engineered to be insulated from failures in other Availability Zones.",
    "minOccurs" : 1,
    "maxOccurs" : 1,
    "mode" : "INPUT_OUTPUT",
    "subProperties" : [ ],
    "displayName" : "availabilityZone",
    "confidential" : false,
    "tags" : {
      "{urn:x-hp:2013:software:ccue:designer:descriptor-schema}tabSet" : "VIEW,EDIT"
    },
    "consumerVisible" : true,
    "displayNames" : {
      "en-US" : {
        "value" : "availabilityZone"
      }
    },
    "descriptions" : {
      "en-US" : {
        "value" : "The availability zone in which the instance is located. Availability Zones are distinct locations within a region that are engineered to be insulated from failures in other Availability Zones."
      }
    }
  }, {
    "name" : "amiId",
    "type" : "string",
    "description" : "The ID of the AMI with which the instance is to be launched.",
    "minOccurs" : 1,
    "maxOccurs" : 1,
    "mode" : "INPUT",
    "subProperties" : [ ],
    "displayName" : "amiId",
    "confidential" : false,
    "tags" : {
      "{urn:x-hp:2013:software:ccue:designer:descriptor-schema}tabSet" : "VIEW,EDIT"
    },
    "consumerVisible" : true,
    "displayNames" : {
      "en-US" : {
        "value" : "amiId"
      }
    },
    "descriptions" : {
      "en-US" : {
        "value" : "The ID of the AMI with which the instance is to be launched."
      }
    }
  }, {
    "name" : "instanceNamePrefix",
    "type" : "string",
    "description" : "The instance name Prefix that is to be given to an Amazon instance.",
    "minOccurs" : 1,
    "maxOccurs" : 1,
    "mode" : "INPUT",
    "subProperties" : [ ],
    "displayName" : "instanceNamePrefix",
    "confidential" : false,
    "tags" : {
      "{urn:x-hp:2013:software:ccue:designer:descriptor-schema}tabSet" : "VIEW,EDIT"
    },
    "consumerVisible" : true,
    "displayNames" : {
      "en-US" : {
        "value" : "instanceNamePrefix"
      }
    },
    "descriptions" : {
      "en-US" : {
        "value" : "The instance name Prefix that is to be given to an Amazon instance."
      }
    }
  }, {
    "name" : "keyName",
    "type" : "string",
    "description" : "The name of the key pair that you must use to log in to the instance securely.",
    "minOccurs" : 0,
    "maxOccurs" : 1,
    "mode" : "INPUT",
    "subProperties" : [ ],
    "displayName" : "keyName",
    "confidential" : false,
    "tags" : {
      "{urn:x-hp:2013:software:ccue:designer:descriptor-schema}unitDescription" : null,
      "{urn:x-hp:2013:software:ccue:designer:descriptor-schema}validatorId" : null,
      "{urn:x-hp:2013:software:ccue:designer:descriptor-schema}tabSet" : "VIEW,EDIT"
    },
    "consumerVisible" : true,
    "displayNames" : {
      "en-US" : {
        "value" : "keyName"
      }
    },
    "descriptions" : {
      "en-US" : {
        "value" : "The name of the key pair that you must use to log in to the instance securely."
      }
    }
  }, {
    "name" : "subnetId",
    "type" : "string",
    "description" : "The ID of the subnet in which the network interface is located.",
    "minOccurs" : 0,
    "maxOccurs" : 1,
    "mode" : "INPUT_OUTPUT",
    "subProperties" : [ ],
    "displayName" : "subnetId",
    "confidential" : false,
    "tags" : {
      "{urn:x-hp:2013:software:ccue:designer:descriptor-schema}unitDescription" : null,
      "{urn:x-hp:2013:software:ccue:designer:descriptor-schema}validatorId" : null,
      "{urn:x-hp:2013:software:ccue:designer:descriptor-schema}tabSet" : "VIEW,EDIT"
    },
    "consumerVisible" : true,
    "displayNames" : {
      "en-US" : {
        "value" : "subnetId"
      }
    },
    "descriptions" : {
      "en-US" : {
        "value" : "The ID of the subnet in which the network interface is located."
      }
    }
  }, {
    "name" : "instanceType",
    "type" : "string",
    "description" : "The size of instance to provision.",
    "minOccurs" : 0,
    "maxOccurs" : 1,
    "mode" : "INPUT",
    "defaultValue" : {
      "value" : "m1.small",
      "type" : "string"
    },
    "subProperties" : [ ],
    "displayName" : "instanceType",
    "confidential" : false,
    "tags" : {
      "{urn:x-hp:2013:software:ccue:designer:descriptor-schema}unitDescription" : null,
      "{urn:x-hp:2013:software:ccue:designer:descriptor-schema}validatorId" : null,
      "{urn:x-hp:2013:software:ccue:designer:descriptor-schema}tabSet" : "VIEW,EDIT"
    },
    "consumerVisible" : true,
    "displayNames" : {
      "en-US" : {
        "value" : "instanceType"
      }
    },
    "descriptions" : {
      "en-US" : {
        "value" : "The size of instance to provision."
      }
    }
  }, {
    "name" : "securityGroupIds",
    "type" : "string",
    "description" : "The ID of the security group.",
    "minOccurs" : 0,
    "maxOccurs" : 1,
    "mode" : "INPUT",
    "subProperties" : [ ],
    "displayName" : "securityGroupIds",
    "confidential" : false,
    "tags" : {
      "{urn:x-hp:2013:software:ccue:designer:descriptor-schema}unitDescription" : null,
      "{urn:x-hp:2013:software:ccue:designer:descriptor-schema}validatorId" : null,
      "{urn:x-hp:2013:software:ccue:designer:descriptor-schema}tabSet" : "VIEW,EDIT"
    },
    "consumerVisible" : true,
    "displayNames" : {
      "en-US" : {
        "value" : "securityGroupIds"
      }
    },
    "descriptions" : {
      "en-US" : {
        "value" : "The ID of the security group."
      }
    }
  }, {
    "name" : "username",
    "type" : "string",
    "description" : "Username.",
    "minOccurs" : 0,
    "maxOccurs" : 1,
    "mode" : "INPUT",
    "subProperties" : [ ],
    "displayName" : "username",
    "confidential" : false,
    "tags" : {
      "{urn:x-hp:2013:software:ccue:designer:descriptor-schema}unitDescription" : null,
      "{urn:x-hp:2013:software:ccue:designer:descriptor-schema}validatorId" : null,
      "{urn:x-hp:2013:software:ccue:designer:descriptor-schema}tabSet" : "VIEW,EDIT"
    },
    "consumerVisible" : true,
    "displayNames" : {
      "en-US" : {
        "value" : "username"
      }
    },
    "descriptions" : {
      "en-US" : {
        "value" : "Username."
      }
    }
  }, {
    "name" : "password",
    "type" : "string",
    "description" : "Password.",
    "minOccurs" : 0,
    "maxOccurs" : 1,
    "mode" : "INPUT",
    "subProperties" : [ ],
    "displayName" : "password",
    "confidential" : true,
    "tags" : {
      "{urn:x-hp:2013:software:ccue:designer:descriptor-schema}unitDescription" : null,
      "{urn:x-hp:2013:software:ccue:designer:descriptor-schema}validatorId" : null,
      "{urn:x-hp:2013:software:ccue:designer:descriptor-schema}tabSet" : "VIEW,EDIT"
    },
    "consumerVisible" : false,
    "displayNames" : {
      "en-US" : {
        "value" : "password"
      }
    },
    "descriptions" : {
      "en-US" : {
        "value" : "Password."
      }
    }
  }, {
    "name" : "privateKey",
    "type" : "string",
    "description" : "Private Key.",
    "minOccurs" : 0,
    "maxOccurs" : 1,
    "mode" : "INPUT",
    "subProperties" : [ ],
    "displayName" : "privateKey",
    "confidential" : true,
    "tags" : {
      "{urn:x-hp:2013:software:ccue:designer:descriptor-schema}unitDescription" : null,
      "{urn:x-hp:2013:software:ccue:designer:descriptor-schema}validatorId" : null,
      "{urn:x-hp:2013:software:ccue:designer:descriptor-schema}tabSet" : "VIEW,EDIT",
      "{urn:x-hp:2013:software:ccue:designer:descriptor-schema}widget:VIEW" : "descriptionViewer",
      "maxLength" : "4000",
      "{urn:x-hp:2013:software:ccue:designer:descriptor-schema}widget:EDIT" : "multiLineStringEditor"
    },
    "consumerVisible" : false,
    "displayNames" : {
      "en-US" : {
        "value" : "privateKey"
      }
    },
    "descriptions" : {
      "en-US" : {
        "value" : "Private Key."
      }
    }
  }, {
    "name" : "instanceName",
    "type" : "string",
    "description" : "instanceName property.",
    "minOccurs" : 0,
    "maxOccurs" : 1,
    "mode" : "OUTPUT",
    "subProperties" : [ ],
    "displayName" : "instanceName",
    "confidential" : false,
    "tags" : {
      "{urn:x-hp:2013:software:ccue:designer:descriptor-schema}tabSet" : "VIEW"
    },
    "consumerVisible" : true,
    "displayNames" : {
      "en-US" : {
        "value" : "instanceName"
      }
    },
    "descriptions" : {
      "en-US" : {
        "value" : "instanceName property."
      }
    }
  }, {
    "name" : "privateIpAddress",
    "type" : "string",
    "description" : "privateIpAddress property.",
    "minOccurs" : 0,
    "maxOccurs" : 1,
    "mode" : "OUTPUT",
    "subProperties" : [ ],
    "displayName" : "privateIpAddress",
    "confidential" : false,
    "tags" : {
      "{urn:x-hp:2013:software:ccue:designer:descriptor-schema}tabSet" : "VIEW"
    },
    "consumerVisible" : true,
    "displayNames" : {
      "en-US" : {
        "value" : "privateIpAddress"
      }
    },
    "descriptions" : {
      "en-US" : {
        "value" : "privateIpAddress property."
      }
    }
  }, {
    "name" : "vpcId",
    "type" : "string",
    "description" : "vpcId property.",
    "minOccurs" : 0,
    "maxOccurs" : 1,
    "mode" : "OUTPUT",
    "subProperties" : [ ],
    "displayName" : "vpcId",
    "confidential" : false,
    "tags" : {
      "{urn:x-hp:2013:software:ccue:designer:descriptor-schema}tabSet" : "VIEW"
    },
    "consumerVisible" : true,
    "displayNames" : {
      "en-US" : {
        "value" : "vpcId"
      }
    },
    "descriptions" : {
      "en-US" : {
        "value" : "vpcId property."
      }
    }
  } ],
  "displayName" : "Amazon Server ",
  "capabilities" : [ {
    "typeRef" : {
      "artifactId" : "Server",
      "groupId" : "com.hp.csa.type",
      "version" : "1"
    },
    "propertyMapping" : {
      "privateKey" : "privateKey",
      "hostname" : "privateIpAddress",
      "password" : "password",
      "instanceId" : "instanceId",
      "ipAddress" : "publicIpAddress",
      "username" : "username"
    },
    "capabilityCharacteristics" : [ ]
  } ],
  "characteristics" : [ ],
  "tagIds" : [ ],
  "revision" : 0,
  "resourceType" : "SERVER",
  "tags" : {
    "designer.name.uri" : "com.hp.csa.type",
    "origin" : "ootb:AMAZON_EC2",
    "designer.name.localPart" : "AmazonServerType__VERSION__15.07.0000__GROUPID__com.hp.csa.type",
    "iconUrl" : "pluginResources/topology/icons/server_-darkgray.svg"
  },
  "final" : false,
  "displayNames" : {
    "en-US" : {
      "value" : "Amazon Server "
    }
  },
  "descriptions" : {
    "en-US" : {
      "value" : "Amazon Server"
    }
  }
}