{
  "@type" : "ComponentType",
  "id" : "71b645da-5c0f-4ef5-a52a-80246fa4f023",
  "groupId" : "com.hp.csa.type",
  "artifactId" : "PetClinicApplicationType",
  "version" : "1.50.0000",
  "abstract" : false,
  "capability" : false,
  "description" : "PetClinic Application",
  "actions" : [ {
    "name" : "Modify_PetClinicApp",
    "displayName" : "Modify PetClinicApp",
    "description" : "Modify PetClinicApp",
    "inputParameters" : [ {
      "name" : "localfilepath",
      "displayName" : "localfilepath",
      "description" : "localfilepath",
      "required" : true,
      "confidential" : false,
      "displayNames" : {
        "en-US" : {
          "value" : "localfilepath"
        }
      },
      "descriptions" : {
        "en-US" : {
          "value" : "localfilepath"
        }
      },
      "type" : "string"
    }, {
      "name" : "artifacturl",
      "displayName" : "artifacturl",
      "description" : "artifacturl",
      "required" : true,
      "confidential" : false,
      "displayNames" : {
        "en-US" : {
          "value" : "artifacturl"
        }
      },
      "descriptions" : {
        "en-US" : {
          "value" : "artifacturl"
        }
      },
      "type" : "string"
    }, {
      "name" : "artifactusername",
      "displayName" : "artifactusername",
      "description" : "artifactusername",
      "required" : false,
      "confidential" : false,
      "displayNames" : {
        "en-US" : {
          "value" : "artifactusername"
        }
      },
      "descriptions" : {
        "en-US" : {
          "value" : "artifactusername"
        }
      },
      "type" : "string"
    }, {
      "name" : "artifactpassword",
      "displayName" : "artifactpassword",
      "description" : "artifactpassword",
      "required" : false,
      "confidential" : true,
      "displayNames" : {
        "en-US" : {
          "value" : "artifactpassword"
        }
      },
      "descriptions" : {
        "en-US" : {
          "value" : "artifactpassword"
        }
      },
      "type" : "string"
    }, {
      "name" : "port",
      "displayName" : "port",
      "description" : "port",
      "required" : false,
      "confidential" : false,
      "displayNames" : {
        "en-US" : {
          "value" : "port"
        }
      },
      "descriptions" : {
        "en-US" : {
          "value" : "port"
        }
      },
      "type" : "string"
    }, {
      "name" : "remotefilepath",
      "displayName" : "remotefilepath",
      "description" : "remotefilepath",
      "required" : false,
      "confidential" : false,
      "displayNames" : {
        "en-US" : {
          "value" : "remotefilepath"
        }
      },
      "descriptions" : {
        "en-US" : {
          "value" : "remotefilepath"
        }
      },
      "type" : "string"
    }, {
      "name" : "servicecommand",
      "displayName" : "servicecommand",
      "description" : "servicecommand",
      "required" : false,
      "confidential" : false,
      "displayNames" : {
        "en-US" : {
          "value" : "servicecommand"
        }
      },
      "descriptions" : {
        "en-US" : {
          "value" : "servicecommand"
        }
      },
      "type" : "string"
    }, {
      "name" : "dbhostname",
      "displayName" : "dbhostname",
      "description" : "dbhostname",
      "required" : false,
      "confidential" : false,
      "displayNames" : {
        "en-US" : {
          "value" : "dbhostname"
        }
      },
      "descriptions" : {
        "en-US" : {
          "value" : "dbhostname"
        }
      },
      "type" : "string"
    }, {
      "name" : "dbusername",
      "displayName" : "dbusername",
      "description" : "dbusername",
      "required" : false,
      "confidential" : false,
      "displayNames" : {
        "en-US" : {
          "value" : "dbusername"
        }
      },
      "descriptions" : {
        "en-US" : {
          "value" : "dbusername"
        }
      },
      "type" : "string"
    }, {
      "name" : "dbpassword",
      "displayName" : "dbpassword",
      "description" : "dbpassword",
      "required" : false,
      "confidential" : true,
      "displayNames" : {
        "en-US" : {
          "value" : "dbpassword"
        }
      },
      "descriptions" : {
        "en-US" : {
          "value" : "dbpassword"
        }
      },
      "type" : "string"
    }, {
      "name" : "apphostname",
      "displayName" : "apphostname",
      "description" : "apphostname",
      "required" : true,
      "confidential" : false,
      "displayNames" : {
        "en-US" : {
          "value" : "apphostname"
        }
      },
      "descriptions" : {
        "en-US" : {
          "value" : "apphostname"
        }
      },
      "type" : "string"
    }, {
      "name" : "hostusername",
      "displayName" : "hostusername",
      "description" : "hostusername",
      "required" : true,
      "confidential" : false,
      "displayNames" : {
        "en-US" : {
          "value" : "hostusername"
        }
      },
      "descriptions" : {
        "en-US" : {
          "value" : "hostusername"
        }
      },
      "type" : "string"
    }, {
      "name" : "hostpassword",
      "displayName" : "hostpassword",
      "description" : "hostpassword",
      "required" : true,
      "confidential" : true,
      "displayNames" : {
        "en-US" : {
          "value" : "hostpassword"
        }
      },
      "descriptions" : {
        "en-US" : {
          "value" : "hostpassword"
        }
      },
      "type" : "string"
    }, {
      "name" : "privatekeyPath",
      "displayName" : "privatekeyPath",
      "description" : "privatekeyPath",
      "required" : false,
      "confidential" : false,
      "displayNames" : {
        "en-US" : {
          "value" : "privatekeyPath"
        }
      },
      "descriptions" : {
        "en-US" : {
          "value" : "privatekeyPath"
        }
      },
      "type" : "string"
    }, {
      "name" : "configurationurl",
      "displayName" : "configurationurl",
      "description" : "configurationurl",
      "required" : false,
      "confidential" : false,
      "displayNames" : {
        "en-US" : {
          "value" : "configurationurl"
        }
      },
      "descriptions" : {
        "en-US" : {
          "value" : "configurationurl"
        }
      },
      "type" : "string"
    }, {
      "name" : "tomcathome",
      "displayName" : "tomcathome",
      "description" : "tomcathome",
      "required" : true,
      "confidential" : false,
      "displayNames" : {
        "en-US" : {
          "value" : "tomcathome"
        }
      },
      "descriptions" : {
        "en-US" : {
          "value" : "tomcathome"
        }
      },
      "type" : "string"
    }, {
      "name" : "mysqlusername",
      "displayName" : "mysqlusername",
      "description" : "mysqlusername",
      "required" : false,
      "confidential" : false,
      "displayNames" : {
        "en-US" : {
          "value" : "mysqlusername"
        }
      },
      "descriptions" : {
        "en-US" : {
          "value" : "mysqlusername"
        }
      },
      "type" : "string"
    }, {
      "name" : "mysqlpassword",
      "displayName" : "mysqlpassword",
      "description" : "mysqlpassword",
      "required" : false,
      "confidential" : true,
      "displayNames" : {
        "en-US" : {
          "value" : "mysqlpassword"
        }
      },
      "descriptions" : {
        "en-US" : {
          "value" : "mysqlpassword"
        }
      },
      "type" : "string"
    }, {
      "name" : "prev_artifacturl",
      "displayName" : "prev_artifacturl",
      "description" : "prev_artifacturl",
      "required" : false,
      "confidential" : false,
      "displayNames" : {
        "en-US" : {
          "value" : "prev_artifacturl"
        }
      },
      "descriptions" : {
        "en-US" : {
          "value" : "prev_artifacturl"
        }
      },
      "type" : "string"
    }, {
      "name" : "prev_configurationurl",
      "displayName" : "prev_configurationurl",
      "description" : "prev_configurationurl",
      "required" : false,
      "confidential" : false,
      "displayNames" : {
        "en-US" : {
          "value" : "prev_configurationurl"
        }
      },
      "descriptions" : {
        "en-US" : {
          "value" : "prev_configurationurl"
        }
      },
      "type" : "string"
    } ],
    "outputParameters" : [ {
      "name" : "artifacturl",
      "displayName" : "artifacturl",
      "description" : "artifacturl",
      "required" : true,
      "confidential" : false,
      "displayNames" : {
        "en-US" : {
          "value" : "artifacturl"
        }
      },
      "descriptions" : {
        "en-US" : {
          "value" : "artifacturl"
        }
      },
      "type" : "string"
    }, {
      "name" : "configurationurl",
      "displayName" : "configurationurl",
      "description" : "configurationurl",
      "required" : true,
      "confidential" : false,
      "displayNames" : {
        "en-US" : {
          "value" : "configurationurl"
        }
      },
      "descriptions" : {
        "en-US" : {
          "value" : "configurationurl"
        }
      },
      "type" : "string"
    }, {
      "name" : "modifyReturnValue",
      "displayName" : "modifyReturnValue",
      "description" : "modifyReturnValue",
      "required" : true,
      "confidential" : false,
      "displayNames" : {
        "en-US" : {
          "value" : "modifyReturnValue"
        }
      },
      "descriptions" : {
        "en-US" : {
          "value" : "modifyReturnValue"
        }
      },
      "type" : "string"
    }, {
      "name" : "response",
      "displayName" : "response",
      "description" : "response",
      "required" : true,
      "confidential" : false,
      "displayNames" : {
        "en-US" : {
          "value" : "response"
        }
      },
      "descriptions" : {
        "en-US" : {
          "value" : "response"
        }
      },
      "type" : "string"
    } ],
    "lifecycleAction" : "Modify",
    "final" : false,
    "visible" : false,
    "displayNames" : {
      "en-US" : {
        "value" : "Modify PetClinicApp"
      }
    },
    "descriptions" : {
      "en-US" : {
        "value" : "Modify PetClinicApp"
      }
    }
  }, {
    "name" : "ModifyFailureHandler_PetClinicApp",
    "displayName" : "ModifyFailureHandler PetClinicApp",
    "description" : "ModifyFailureHandler PetClinicApp",
    "inputParameters" : [ {
      "name" : "artifactusername",
      "displayName" : "artifactusername",
      "description" : "artifactusername",
      "required" : false,
      "confidential" : false,
      "displayNames" : {
        "en-US" : {
          "value" : "artifactusername"
        }
      },
      "descriptions" : {
        "en-US" : {
          "value" : "artifactusername"
        }
      },
      "type" : "string"
    }, {
      "name" : "artifactpassword",
      "displayName" : "artifactpassword",
      "description" : "artifactpassword",
      "required" : false,
      "confidential" : true,
      "displayNames" : {
        "en-US" : {
          "value" : "artifactpassword"
        }
      },
      "descriptions" : {
        "en-US" : {
          "value" : "artifactpassword"
        }
      },
      "type" : "string"
    }, {
      "name" : "port",
      "displayName" : "port",
      "description" : "port",
      "required" : false,
      "confidential" : false,
      "displayNames" : {
        "en-US" : {
          "value" : "port"
        }
      },
      "descriptions" : {
        "en-US" : {
          "value" : "port"
        }
      },
      "type" : "string"
    }, {
      "name" : "remotefilepath",
      "displayName" : "remotefilepath",
      "description" : "remotefilepath",
      "required" : true,
      "confidential" : false,
      "displayNames" : {
        "en-US" : {
          "value" : "remotefilepath"
        }
      },
      "descriptions" : {
        "en-US" : {
          "value" : "remotefilepath"
        }
      },
      "type" : "string"
    }, {
      "name" : "servicecommand",
      "displayName" : "servicecommand",
      "description" : "servicecommand",
      "required" : true,
      "confidential" : false,
      "displayNames" : {
        "en-US" : {
          "value" : "servicecommand"
        }
      },
      "descriptions" : {
        "en-US" : {
          "value" : "servicecommand"
        }
      },
      "type" : "string"
    }, {
      "name" : "dbhostname",
      "displayName" : "dbhostname",
      "description" : "dbhostname",
      "required" : false,
      "confidential" : false,
      "displayNames" : {
        "en-US" : {
          "value" : "dbhostname"
        }
      },
      "descriptions" : {
        "en-US" : {
          "value" : "dbhostname"
        }
      },
      "type" : "string"
    }, {
      "name" : "dbusername",
      "displayName" : "dbusername",
      "description" : "dbusername",
      "required" : false,
      "confidential" : false,
      "displayNames" : {
        "en-US" : {
          "value" : "dbusername"
        }
      },
      "descriptions" : {
        "en-US" : {
          "value" : "dbusername"
        }
      },
      "type" : "string"
    }, {
      "name" : "dbpassword",
      "displayName" : "dbpassword",
      "description" : "dbpassword",
      "required" : false,
      "confidential" : true,
      "displayNames" : {
        "en-US" : {
          "value" : "dbpassword"
        }
      },
      "descriptions" : {
        "en-US" : {
          "value" : "dbpassword"
        }
      },
      "type" : "string"
    }, {
      "name" : "apphostname",
      "displayName" : "apphostname",
      "description" : "apphostname",
      "required" : true,
      "confidential" : false,
      "displayNames" : {
        "en-US" : {
          "value" : "apphostname"
        }
      },
      "descriptions" : {
        "en-US" : {
          "value" : "apphostname"
        }
      },
      "type" : "string"
    }, {
      "name" : "hostusername",
      "displayName" : "hostusername",
      "description" : "hostusername",
      "required" : true,
      "confidential" : false,
      "displayNames" : {
        "en-US" : {
          "value" : "hostusername"
        }
      },
      "descriptions" : {
        "en-US" : {
          "value" : "hostusername"
        }
      },
      "type" : "string"
    }, {
      "name" : "hostpassword",
      "displayName" : "hostpassword",
      "description" : "hostpassword",
      "required" : true,
      "confidential" : true,
      "displayNames" : {
        "en-US" : {
          "value" : "hostpassword"
        }
      },
      "descriptions" : {
        "en-US" : {
          "value" : "hostpassword"
        }
      },
      "type" : "string"
    }, {
      "name" : "privatekeyPath",
      "displayName" : "privatekeyPath",
      "description" : "privatekeyPath",
      "required" : false,
      "confidential" : false,
      "displayNames" : {
        "en-US" : {
          "value" : "privatekeyPath"
        }
      },
      "descriptions" : {
        "en-US" : {
          "value" : "privatekeyPath"
        }
      },
      "type" : "string"
    }, {
      "name" : "artifacturl",
      "displayName" : "artifacturl",
      "description" : "artifacturl",
      "required" : false,
      "confidential" : false,
      "displayNames" : {
        "en-US" : {
          "value" : "artifacturl"
        }
      },
      "descriptions" : {
        "en-US" : {
          "value" : "artifacturl"
        }
      },
      "type" : "string"
    }, {
      "name" : "prev_artifacturl",
      "displayName" : "prev_artifacturl",
      "description" : "prev_artifacturl",
      "required" : false,
      "confidential" : false,
      "displayNames" : {
        "en-US" : {
          "value" : "prev_artifacturl"
        }
      },
      "descriptions" : {
        "en-US" : {
          "value" : "prev_artifacturl"
        }
      },
      "type" : "string"
    }, {
      "name" : "configurationurl",
      "displayName" : "configurationurl",
      "description" : "configurationurl",
      "required" : false,
      "confidential" : false,
      "displayNames" : {
        "en-US" : {
          "value" : "configurationurl"
        }
      },
      "descriptions" : {
        "en-US" : {
          "value" : "configurationurl"
        }
      },
      "type" : "string"
    }, {
      "name" : "prev_configurationurl",
      "displayName" : "prev_configurationurl",
      "description" : "prev_configurationurl",
      "required" : false,
      "confidential" : false,
      "displayNames" : {
        "en-US" : {
          "value" : "prev_configurationurl"
        }
      },
      "descriptions" : {
        "en-US" : {
          "value" : "prev_configurationurl"
        }
      },
      "type" : "string"
    }, {
      "name" : "modifyFailureValue",
      "displayName" : "modifyFailureValue",
      "description" : "modifyFailureValue",
      "required" : false,
      "confidential" : false,
      "displayNames" : {
        "en-US" : {
          "value" : "modifyFailureValue"
        }
      },
      "descriptions" : {
        "en-US" : {
          "value" : "modifyFailureValue"
        }
      },
      "type" : "string"
    }, {
      "name" : "tomcathome",
      "displayName" : "tomcathome",
      "description" : "tomcathome",
      "required" : true,
      "confidential" : false,
      "displayNames" : {
        "en-US" : {
          "value" : "tomcathome"
        }
      },
      "descriptions" : {
        "en-US" : {
          "value" : "tomcathome"
        }
      },
      "type" : "string"
    }, {
      "name" : "mysqlusername",
      "displayName" : "mysqlusername",
      "description" : "mysqlusername",
      "required" : false,
      "confidential" : false,
      "displayNames" : {
        "en-US" : {
          "value" : "mysqlusername"
        }
      },
      "descriptions" : {
        "en-US" : {
          "value" : "mysqlusername"
        }
      },
      "type" : "string"
    }, {
      "name" : "mysqlpassword",
      "displayName" : "mysqlpassword",
      "description" : "mysqlpassword",
      "required" : false,
      "confidential" : true,
      "displayNames" : {
        "en-US" : {
          "value" : "mysqlpassword"
        }
      },
      "descriptions" : {
        "en-US" : {
          "value" : "mysqlpassword"
        }
      },
      "type" : "string"
    } ],
    "outputParameters" : [ {
      "name" : "artifacturl",
      "displayName" : "artifacturl",
      "description" : "artifacturl",
      "required" : true,
      "confidential" : false,
      "displayNames" : {
        "en-US" : {
          "value" : "artifacturl"
        }
      },
      "descriptions" : {
        "en-US" : {
          "value" : "artifacturl"
        }
      },
      "type" : "string"
    }, {
      "name" : "configurationurl",
      "displayName" : "configurationurl",
      "description" : "configurationurl",
      "required" : true,
      "confidential" : false,
      "displayNames" : {
        "en-US" : {
          "value" : "configurationurl"
        }
      },
      "descriptions" : {
        "en-US" : {
          "value" : "configurationurl"
        }
      },
      "type" : "string"
    }, {
      "name" : "response",
      "displayName" : "response",
      "description" : "response",
      "required" : true,
      "confidential" : false,
      "displayNames" : {
        "en-US" : {
          "value" : "response"
        }
      },
      "descriptions" : {
        "en-US" : {
          "value" : "response"
        }
      },
      "type" : "string"
    }, {
      "name" : "result",
      "displayName" : "result",
      "description" : "result",
      "required" : true,
      "confidential" : false,
      "displayNames" : {
        "en-US" : {
          "value" : "result"
        }
      },
      "descriptions" : {
        "en-US" : {
          "value" : "result"
        }
      },
      "type" : "string"
    } ],
    "lifecycleAction" : "ModifyFailureHandler",
    "final" : false,
    "visible" : false,
    "displayNames" : {
      "en-US" : {
        "value" : "ModifyFailureHandler PetClinicApp"
      }
    },
    "descriptions" : {
      "en-US" : {
        "value" : "ModifyFailureHandler PetClinicApp"
      }
    }
  }, {
    "name" : "Undeploy_PetClinicApp",
    "displayName" : "Undeploy PetClinicApp",
    "description" : "Undeploy PetClinicApp",
    "inputParameters" : [ ],
    "outputParameters" : [ {
      "name" : "response",
      "displayName" : "response",
      "description" : "response",
      "required" : true,
      "confidential" : false,
      "displayNames" : {
        "en-US" : {
          "value" : "response"
        }
      },
      "descriptions" : {
        "en-US" : {
          "value" : "response"
        }
      },
      "type" : "string"
    } ],
    "lifecycleAction" : "Undeploy",
    "final" : false,
    "visible" : false,
    "displayNames" : {
      "en-US" : {
        "value" : "Undeploy PetClinicApp"
      }
    },
    "descriptions" : {
      "en-US" : {
        "value" : "Undeploy PetClinicApp"
      }
    }
  }, {
    "name" : "Unmodify_PetClinicApp",
    "displayName" : "Unmodify PetClinicApp",
    "description" : "Unmodify PetClinicApp",
    "inputParameters" : [ {
      "name" : "artifactusername",
      "displayName" : "artifactusername",
      "description" : "artifactusername",
      "required" : false,
      "confidential" : false,
      "displayNames" : {
        "en-US" : {
          "value" : "artifactusername"
        }
      },
      "descriptions" : {
        "en-US" : {
          "value" : "artifactusername"
        }
      },
      "type" : "string"
    }, {
      "name" : "artifactpassword",
      "displayName" : "artifactpassword",
      "description" : "artifactpassword",
      "required" : false,
      "confidential" : true,
      "displayNames" : {
        "en-US" : {
          "value" : "artifactpassword"
        }
      },
      "descriptions" : {
        "en-US" : {
          "value" : "artifactpassword"
        }
      },
      "type" : "string"
    }, {
      "name" : "port",
      "displayName" : "port",
      "description" : "port",
      "required" : false,
      "confidential" : false,
      "displayNames" : {
        "en-US" : {
          "value" : "port"
        }
      },
      "descriptions" : {
        "en-US" : {
          "value" : "port"
        }
      },
      "type" : "string"
    }, {
      "name" : "remotefilepath",
      "displayName" : "remotefilepath",
      "description" : "remotefilepath",
      "required" : true,
      "confidential" : false,
      "displayNames" : {
        "en-US" : {
          "value" : "remotefilepath"
        }
      },
      "descriptions" : {
        "en-US" : {
          "value" : "remotefilepath"
        }
      },
      "type" : "string"
    }, {
      "name" : "servicecommand",
      "displayName" : "servicecommand",
      "description" : "servicecommand",
      "required" : true,
      "confidential" : false,
      "displayNames" : {
        "en-US" : {
          "value" : "servicecommand"
        }
      },
      "descriptions" : {
        "en-US" : {
          "value" : "servicecommand"
        }
      },
      "type" : "string"
    }, {
      "name" : "dbhostname",
      "displayName" : "dbhostname",
      "description" : "dbhostname",
      "required" : false,
      "confidential" : false,
      "displayNames" : {
        "en-US" : {
          "value" : "dbhostname"
        }
      },
      "descriptions" : {
        "en-US" : {
          "value" : "dbhostname"
        }
      },
      "type" : "string"
    }, {
      "name" : "dbusername",
      "displayName" : "dbusername",
      "description" : "dbusername",
      "required" : false,
      "confidential" : false,
      "displayNames" : {
        "en-US" : {
          "value" : "dbusername"
        }
      },
      "descriptions" : {
        "en-US" : {
          "value" : "dbusername"
        }
      },
      "type" : "string"
    }, {
      "name" : "dbpassword",
      "displayName" : "dbpassword",
      "description" : "dbpassword",
      "required" : false,
      "confidential" : true,
      "displayNames" : {
        "en-US" : {
          "value" : "dbpassword"
        }
      },
      "descriptions" : {
        "en-US" : {
          "value" : "dbpassword"
        }
      },
      "type" : "string"
    }, {
      "name" : "apphostname",
      "displayName" : "apphostname",
      "description" : "apphostname",
      "required" : true,
      "confidential" : false,
      "displayNames" : {
        "en-US" : {
          "value" : "apphostname"
        }
      },
      "descriptions" : {
        "en-US" : {
          "value" : "apphostname"
        }
      },
      "type" : "string"
    }, {
      "name" : "hostusername",
      "displayName" : "hostusername",
      "description" : "hostusername",
      "required" : true,
      "confidential" : false,
      "displayNames" : {
        "en-US" : {
          "value" : "hostusername"
        }
      },
      "descriptions" : {
        "en-US" : {
          "value" : "hostusername"
        }
      },
      "type" : "string"
    }, {
      "name" : "hostpassword",
      "displayName" : "hostpassword",
      "description" : "hostpassword",
      "required" : true,
      "confidential" : true,
      "displayNames" : {
        "en-US" : {
          "value" : "hostpassword"
        }
      },
      "descriptions" : {
        "en-US" : {
          "value" : "hostpassword"
        }
      },
      "type" : "string"
    }, {
      "name" : "privatekeyPath",
      "displayName" : "privatekeyPath",
      "description" : "privatekeyPath",
      "required" : false,
      "confidential" : false,
      "displayNames" : {
        "en-US" : {
          "value" : "privatekeyPath"
        }
      },
      "descriptions" : {
        "en-US" : {
          "value" : "privatekeyPath"
        }
      },
      "type" : "string"
    }, {
      "name" : "artifacturl",
      "displayName" : "artifacturl",
      "description" : "artifacturl",
      "required" : false,
      "confidential" : false,
      "displayNames" : {
        "en-US" : {
          "value" : "artifacturl"
        }
      },
      "descriptions" : {
        "en-US" : {
          "value" : "artifacturl"
        }
      },
      "type" : "string"
    }, {
      "name" : "prev_artifacturl",
      "displayName" : "prev_artifacturl",
      "description" : "prev_artifacturl",
      "required" : false,
      "confidential" : false,
      "displayNames" : {
        "en-US" : {
          "value" : "prev_artifacturl"
        }
      },
      "descriptions" : {
        "en-US" : {
          "value" : "prev_artifacturl"
        }
      },
      "type" : "string"
    }, {
      "name" : "configurationurl",
      "displayName" : "configurationurl",
      "description" : "configurationurl",
      "required" : false,
      "confidential" : false,
      "displayNames" : {
        "en-US" : {
          "value" : "configurationurl"
        }
      },
      "descriptions" : {
        "en-US" : {
          "value" : "configurationurl"
        }
      },
      "type" : "string"
    }, {
      "name" : "prev_configurationurl",
      "displayName" : "prev_configurationurl",
      "description" : "prev_configurationurl",
      "required" : false,
      "confidential" : false,
      "displayNames" : {
        "en-US" : {
          "value" : "prev_configurationurl"
        }
      },
      "descriptions" : {
        "en-US" : {
          "value" : "prev_configurationurl"
        }
      },
      "type" : "string"
    }, {
      "name" : "tomcathome",
      "displayName" : "tomcathome",
      "description" : "tomcathome",
      "required" : true,
      "confidential" : false,
      "displayNames" : {
        "en-US" : {
          "value" : "tomcathome"
        }
      },
      "descriptions" : {
        "en-US" : {
          "value" : "tomcathome"
        }
      },
      "type" : "string"
    }, {
      "name" : "mysqlusername",
      "displayName" : "mysqlusername",
      "description" : "mysqlusername",
      "required" : false,
      "confidential" : false,
      "displayNames" : {
        "en-US" : {
          "value" : "mysqlusername"
        }
      },
      "descriptions" : {
        "en-US" : {
          "value" : "mysqlusername"
        }
      },
      "type" : "string"
    }, {
      "name" : "mysqlpassword",
      "displayName" : "mysqlpassword",
      "description" : "mysqlpassword",
      "required" : false,
      "confidential" : true,
      "displayNames" : {
        "en-US" : {
          "value" : "mysqlpassword"
        }
      },
      "descriptions" : {
        "en-US" : {
          "value" : "mysqlpassword"
        }
      },
      "type" : "string"
    } ],
    "outputParameters" : [ {
      "name" : "artifacturl",
      "displayName" : "artifacturl",
      "description" : "artifacturl",
      "required" : true,
      "confidential" : false,
      "displayNames" : {
        "en-US" : {
          "value" : "artifacturl"
        }
      },
      "descriptions" : {
        "en-US" : {
          "value" : "artifacturl"
        }
      },
      "type" : "string"
    }, {
      "name" : "configurationurl",
      "displayName" : "configurationurl",
      "description" : "configurationurl",
      "required" : true,
      "confidential" : false,
      "displayNames" : {
        "en-US" : {
          "value" : "configurationurl"
        }
      },
      "descriptions" : {
        "en-US" : {
          "value" : "configurationurl"
        }
      },
      "type" : "string"
    }, {
      "name" : "response",
      "displayName" : "response",
      "description" : "response",
      "required" : true,
      "confidential" : false,
      "displayNames" : {
        "en-US" : {
          "value" : "response"
        }
      },
      "descriptions" : {
        "en-US" : {
          "value" : "response"
        }
      },
      "type" : "string"
    }, {
      "name" : "result",
      "displayName" : "result",
      "description" : "result",
      "required" : true,
      "confidential" : false,
      "displayNames" : {
        "en-US" : {
          "value" : "result"
        }
      },
      "descriptions" : {
        "en-US" : {
          "value" : "result"
        }
      },
      "type" : "string"
    } ],
    "lifecycleAction" : "Unmodify",
    "final" : false,
    "visible" : false,
    "displayNames" : {
      "en-US" : {
        "value" : "Unmodify PetClinicApp"
      }
    },
    "descriptions" : {
      "en-US" : {
        "value" : "Unmodify PetClinicApp"
      }
    }
  }, {
    "name" : "Deploy_PetClinicApp",
    "displayName" : "Deploy PetClinicApp",
    "description" : "Deploy PetClinicApp",
    "inputParameters" : [ {
      "name" : "localfilepath",
      "displayName" : "localfilepath",
      "description" : "localfilepath",
      "required" : true,
      "confidential" : false,
      "displayNames" : {
        "en-US" : {
          "value" : "localfilepath"
        }
      },
      "descriptions" : {
        "en-US" : {
          "value" : "localfilepath"
        }
      },
      "type" : "string"
    }, {
      "name" : "artifacturl",
      "displayName" : "artifacturl",
      "description" : "artifacturl",
      "required" : true,
      "confidential" : false,
      "displayNames" : {
        "en-US" : {
          "value" : "artifacturl"
        }
      },
      "descriptions" : {
        "en-US" : {
          "value" : "artifacturl"
        }
      },
      "type" : "string"
    }, {
      "name" : "artifactusername",
      "displayName" : "artifactusername",
      "description" : "artifactusername",
      "required" : false,
      "confidential" : false,
      "displayNames" : {
        "en-US" : {
          "value" : "artifactusername"
        }
      },
      "descriptions" : {
        "en-US" : {
          "value" : "artifactusername"
        }
      },
      "type" : "string"
    }, {
      "name" : "artifactpassword",
      "displayName" : "artifactpassword",
      "description" : "artifactpassword",
      "required" : false,
      "confidential" : true,
      "displayNames" : {
        "en-US" : {
          "value" : "artifactpassword"
        }
      },
      "descriptions" : {
        "en-US" : {
          "value" : "artifactpassword"
        }
      },
      "type" : "string"
    }, {
      "name" : "port",
      "displayName" : "port",
      "description" : "port",
      "required" : true,
      "confidential" : false,
      "displayNames" : {
        "en-US" : {
          "value" : "port"
        }
      },
      "descriptions" : {
        "en-US" : {
          "value" : "port"
        }
      },
      "type" : "string"
    }, {
      "name" : "remotefilepath",
      "displayName" : "remotefilepath",
      "description" : "remotefilepath",
      "required" : true,
      "confidential" : false,
      "displayNames" : {
        "en-US" : {
          "value" : "remotefilepath"
        }
      },
      "descriptions" : {
        "en-US" : {
          "value" : "remotefilepath"
        }
      },
      "type" : "string"
    }, {
      "name" : "servicecommand",
      "displayName" : "servicecommand",
      "description" : "servicecommand",
      "required" : true,
      "confidential" : false,
      "displayNames" : {
        "en-US" : {
          "value" : "servicecommand"
        }
      },
      "descriptions" : {
        "en-US" : {
          "value" : "servicecommand"
        }
      },
      "type" : "string"
    }, {
      "name" : "dbhostname",
      "displayName" : "dbhostname",
      "description" : "dbhostname",
      "required" : true,
      "confidential" : false,
      "displayNames" : {
        "en-US" : {
          "value" : "dbhostname"
        }
      },
      "descriptions" : {
        "en-US" : {
          "value" : "dbhostname"
        }
      },
      "type" : "string"
    }, {
      "name" : "dbusername",
      "displayName" : "dbusername",
      "description" : "dbusername",
      "required" : true,
      "confidential" : false,
      "displayNames" : {
        "en-US" : {
          "value" : "dbusername"
        }
      },
      "descriptions" : {
        "en-US" : {
          "value" : "dbusername"
        }
      },
      "type" : "string"
    }, {
      "name" : "dbpassword",
      "displayName" : "dbpassword",
      "description" : "dbpassword",
      "required" : true,
      "confidential" : true,
      "displayNames" : {
        "en-US" : {
          "value" : "dbpassword"
        }
      },
      "descriptions" : {
        "en-US" : {
          "value" : "dbpassword"
        }
      },
      "type" : "string"
    }, {
      "name" : "apphostname",
      "displayName" : "apphostname",
      "description" : "apphostname",
      "required" : true,
      "confidential" : false,
      "displayNames" : {
        "en-US" : {
          "value" : "apphostname"
        }
      },
      "descriptions" : {
        "en-US" : {
          "value" : "apphostname"
        }
      },
      "type" : "string"
    }, {
      "name" : "hostusername",
      "displayName" : "hostusername",
      "description" : "hostusername",
      "required" : true,
      "confidential" : false,
      "displayNames" : {
        "en-US" : {
          "value" : "hostusername"
        }
      },
      "descriptions" : {
        "en-US" : {
          "value" : "hostusername"
        }
      },
      "type" : "string"
    }, {
      "name" : "hostpassword",
      "displayName" : "hostpassword",
      "description" : "hostpassword",
      "required" : true,
      "confidential" : true,
      "displayNames" : {
        "en-US" : {
          "value" : "hostpassword"
        }
      },
      "descriptions" : {
        "en-US" : {
          "value" : "hostpassword"
        }
      },
      "type" : "string"
    }, {
      "name" : "privatekeyPath",
      "displayName" : "privatekeyPath",
      "description" : "privatekeyPath",
      "required" : false,
      "confidential" : false,
      "displayNames" : {
        "en-US" : {
          "value" : "privatekeyPath"
        }
      },
      "descriptions" : {
        "en-US" : {
          "value" : "privatekeyPath"
        }
      },
      "type" : "string"
    }, {
      "name" : "configurationurl",
      "displayName" : "configurationurl",
      "description" : "configurationurl",
      "required" : true,
      "confidential" : false,
      "displayNames" : {
        "en-US" : {
          "value" : "configurationurl"
        }
      },
      "descriptions" : {
        "en-US" : {
          "value" : "configurationurl"
        }
      },
      "type" : "string"
    }, {
      "name" : "tomcathome",
      "displayName" : "tomcathome",
      "description" : "tomcathome",
      "required" : true,
      "confidential" : false,
      "displayNames" : {
        "en-US" : {
          "value" : "tomcathome"
        }
      },
      "descriptions" : {
        "en-US" : {
          "value" : "tomcathome"
        }
      },
      "type" : "string"
    }, {
      "name" : "mysqlusername",
      "displayName" : "mysqlusername",
      "description" : "mysqlusername",
      "required" : true,
      "confidential" : false,
      "displayNames" : {
        "en-US" : {
          "value" : "mysqlusername"
        }
      },
      "descriptions" : {
        "en-US" : {
          "value" : "mysqlusername"
        }
      },
      "type" : "string"
    }, {
      "name" : "mysqlpassword",
      "displayName" : "mysqlpassword",
      "description" : "mysqlpassword",
      "required" : true,
      "confidential" : true,
      "displayNames" : {
        "en-US" : {
          "value" : "mysqlpassword"
        }
      },
      "descriptions" : {
        "en-US" : {
          "value" : "mysqlpassword"
        }
      },
      "type" : "string"
    } ],
    "outputParameters" : [ {
      "name" : "apphostname",
      "displayName" : "apphostname",
      "description" : "apphostname",
      "required" : true,
      "confidential" : false,
      "displayNames" : {
        "en-US" : {
          "value" : "apphostname"
        }
      },
      "descriptions" : {
        "en-US" : {
          "value" : "apphostname"
        }
      },
      "type" : "string"
    }, {
      "name" : "response",
      "displayName" : "response",
      "description" : "response",
      "required" : true,
      "confidential" : false,
      "displayNames" : {
        "en-US" : {
          "value" : "response"
        }
      },
      "descriptions" : {
        "en-US" : {
          "value" : "response"
        }
      },
      "type" : "string"
    } ],
    "lifecycleAction" : "Deploy",
    "final" : false,
    "visible" : false,
    "displayNames" : {
      "en-US" : {
        "value" : "Deploy PetClinicApp"
      }
    },
    "descriptions" : {
      "en-US" : {
        "value" : "Deploy PetClinicApp"
      }
    }
  } ],
  "relations" : [ {
    "name" : "dbDetails_PetClinicApplicationType__VERSION__1^50^0000__GROUPID__com^hp^csa^type",
    "relationType" : "association",
    "targetType" : {
      "componentId" : {
        "artifactId" : "New_PetDB_855ff95b_fde7_432e_b4dd_b7f7e8c2ba67_e6b6ca0914a34eec93438670d70e55e4",
        "groupId" : "com.hp.csa.type",
        "version" : "1"
      },
      "constraints" : { }
    },
    "minOccursOnTarget" : 0,
    "maxOccursOnTarget" : 256,
    "minOccursOnSource" : 1,
    "maxOccursOnSource" : 1,
    "properties" : [ ],
    "displayName" : "dbDetails",
    "displayNames" : {
      "en-US" : {
        "value" : "dbDetails"
      }
    },
    "descriptions" : { }
  }, {
    "name" : "hostedOn_PetClinicApplicationType__VERSION__1^50^0000__GROUPID__com^hp^csa^type",
    "relationType" : "association",
    "targetType" : {
      "componentId" : {
        "artifactId" : "ApplicationServer",
        "groupId" : "com.hp.csa.type",
        "version" : "1"
      },
      "constraints" : { }
    },
    "minOccursOnTarget" : 0,
    "maxOccursOnTarget" : 256,
    "minOccursOnSource" : 1,
    "maxOccursOnSource" : 1,
    "properties" : [ ],
    "displayName" : "hostedOn",
    "displayNames" : {
      "en-US" : {
        "value" : "hostedOn"
      }
    },
    "descriptions" : { }
  } ],
  "properties" : [ {
    "name" : "apphostname",
    "type" : "string",
    "description" : "apphostname property.",
    "minOccurs" : 0,
    "maxOccurs" : 1,
    "mode" : "INPUT_OUTPUT",
    "subProperties" : [ ],
    "displayName" : "apphostname",
    "confidential" : false,
    "tags" : {
      "{urn:x-hp:2013:software:ccue:designer:descriptor-schema}hidden" : "true",
      "{urn:x-hp:2013:software:ccue:designer:descriptor-schema}tabSet" : "VIEW,EDIT",
      "maxLength" : "4000"
    },
    "consumerVisible" : true,
    "displayNames" : {
      "en-US" : {
        "value" : "apphostname"
      }
    },
    "descriptions" : {
      "en-US" : {
        "value" : "apphostname property."
      }
    }
  }, {
    "name" : "artifactpassword",
    "type" : "string",
    "description" : "artifactpassword property.",
    "minOccurs" : 0,
    "maxOccurs" : 1,
    "mode" : "INPUT",
    "subProperties" : [ ],
    "displayName" : "artifactpassword",
    "confidential" : true,
    "tags" : {
      "{urn:x-hp:2013:software:ccue:designer:descriptor-schema}tabSet" : "VIEW,EDIT",
      "maxLength" : "4000"
    },
    "consumerVisible" : false,
    "displayNames" : {
      "en-US" : {
        "value" : "artifactpassword"
      }
    },
    "descriptions" : {
      "en-US" : {
        "value" : "artifactpassword property."
      }
    }
  }, {
    "name" : "artifacturl",
    "type" : "string",
    "description" : "artifacturl property.",
    "minOccurs" : 1,
    "maxOccurs" : 1,
    "mode" : "INPUT_OUTPUT",
    "subProperties" : [ ],
    "displayName" : "artifacturl",
    "confidential" : false,
    "tags" : {
      "{urn:x-hp:2013:software:ccue:designer:descriptor-schema}supportsModifyLifecycleAction" : "true",
      "{urn:x-hp:2013:software:ccue:designer:descriptor-schema}tabSet" : "VIEW,EDIT",
      "maxLength" : "4000"
    },
    "consumerVisible" : true,
    "displayNames" : {
      "en-US" : {
        "value" : "artifacturl"
      }
    },
    "descriptions" : {
      "en-US" : {
        "value" : "artifacturl property."
      }
    }
  }, {
    "name" : "artifactusername",
    "type" : "string",
    "description" : "artifactusername property.",
    "minOccurs" : 0,
    "maxOccurs" : 1,
    "mode" : "INPUT",
    "subProperties" : [ ],
    "displayName" : "artifactusername",
    "confidential" : false,
    "tags" : {
      "{urn:x-hp:2013:software:ccue:designer:descriptor-schema}tabSet" : "VIEW,EDIT",
      "maxLength" : "4000"
    },
    "consumerVisible" : true,
    "displayNames" : {
      "en-US" : {
        "value" : "artifactusername"
      }
    },
    "descriptions" : {
      "en-US" : {
        "value" : "artifactusername property."
      }
    }
  }, {
    "name" : "configurationurl",
    "type" : "string",
    "description" : "configurationurl property.",
    "minOccurs" : 1,
    "maxOccurs" : 1,
    "mode" : "INPUT_OUTPUT",
    "subProperties" : [ ],
    "displayName" : "configurationurl",
    "confidential" : false,
    "tags" : {
      "{urn:x-hp:2013:software:ccue:designer:descriptor-schema}supportsModifyLifecycleAction" : "true",
      "{urn:x-hp:2013:software:ccue:designer:descriptor-schema}tabSet" : "VIEW,EDIT",
      "maxLength" : "4000"
    },
    "consumerVisible" : true,
    "displayNames" : {
      "en-US" : {
        "value" : "configurationurl"
      }
    },
    "descriptions" : {
      "en-US" : {
        "value" : "configurationurl property."
      }
    }
  }, {
    "name" : "dbhostname",
    "type" : "string",
    "description" : "dbhostname property.",
    "minOccurs" : 0,
    "maxOccurs" : 1,
    "mode" : "INPUT",
    "subProperties" : [ ],
    "displayName" : "dbhostname",
    "confidential" : false,
    "tags" : {
      "{urn:x-hp:2013:software:ccue:designer:descriptor-schema}hidden" : "true",
      "{urn:x-hp:2013:software:ccue:designer:descriptor-schema}tabSet" : "VIEW,EDIT",
      "maxLength" : "4000"
    },
    "consumerVisible" : true,
    "displayNames" : {
      "en-US" : {
        "value" : "dbhostname"
      }
    },
    "descriptions" : {
      "en-US" : {
        "value" : "dbhostname property."
      }
    }
  }, {
    "name" : "dbpassword",
    "type" : "string",
    "description" : "dbpassword property.",
    "minOccurs" : 0,
    "maxOccurs" : 1,
    "mode" : "INPUT",
    "subProperties" : [ ],
    "displayName" : "dbpassword",
    "confidential" : true,
    "tags" : {
      "{urn:x-hp:2013:software:ccue:designer:descriptor-schema}hidden" : "true",
      "{urn:x-hp:2013:software:ccue:designer:descriptor-schema}tabSet" : "VIEW,EDIT",
      "maxLength" : "4000"
    },
    "consumerVisible" : false,
    "displayNames" : {
      "en-US" : {
        "value" : "dbpassword"
      }
    },
    "descriptions" : {
      "en-US" : {
        "value" : "dbpassword property."
      }
    }
  }, {
    "name" : "dbusername",
    "type" : "string",
    "description" : "dbusername property.",
    "minOccurs" : 0,
    "maxOccurs" : 1,
    "mode" : "INPUT",
    "subProperties" : [ ],
    "displayName" : "dbusername",
    "confidential" : false,
    "tags" : {
      "{urn:x-hp:2013:software:ccue:designer:descriptor-schema}hidden" : "true",
      "{urn:x-hp:2013:software:ccue:designer:descriptor-schema}tabSet" : "VIEW,EDIT",
      "maxLength" : "4000"
    },
    "consumerVisible" : true,
    "displayNames" : {
      "en-US" : {
        "value" : "dbusername"
      }
    },
    "descriptions" : {
      "en-US" : {
        "value" : "dbusername property."
      }
    }
  }, {
    "name" : "hostpassword",
    "type" : "string",
    "description" : "hostpassword property.",
    "minOccurs" : 0,
    "maxOccurs" : 1,
    "mode" : "INPUT",
    "subProperties" : [ ],
    "displayName" : "hostpassword",
    "confidential" : true,
    "tags" : {
      "{urn:x-hp:2013:software:ccue:designer:descriptor-schema}hidden" : "true",
      "{urn:x-hp:2013:software:ccue:designer:descriptor-schema}tabSet" : "VIEW,EDIT",
      "maxLength" : "4000"
    },
    "consumerVisible" : false,
    "displayNames" : {
      "en-US" : {
        "value" : "hostpassword"
      }
    },
    "descriptions" : {
      "en-US" : {
        "value" : "hostpassword property."
      }
    }
  }, {
    "name" : "hostusername",
    "type" : "string",
    "description" : "hostusername property.",
    "minOccurs" : 0,
    "maxOccurs" : 1,
    "mode" : "INPUT",
    "subProperties" : [ ],
    "displayName" : "hostusername",
    "confidential" : false,
    "tags" : {
      "{urn:x-hp:2013:software:ccue:designer:descriptor-schema}hidden" : "true",
      "{urn:x-hp:2013:software:ccue:designer:descriptor-schema}tabSet" : "VIEW,EDIT",
      "maxLength" : "4000"
    },
    "consumerVisible" : true,
    "displayNames" : {
      "en-US" : {
        "value" : "hostusername"
      }
    },
    "descriptions" : {
      "en-US" : {
        "value" : "hostusername property."
      }
    }
  }, {
    "name" : "localfilepath",
    "type" : "string",
    "description" : "localfilepath property.",
    "minOccurs" : 0,
    "maxOccurs" : 1,
    "mode" : "INPUT",
    "defaultValue" : {
      "value" : "petclinic.war",
      "type" : "string"
    },
    "subProperties" : [ ],
    "displayName" : "localfilepath",
    "confidential" : false,
    "tags" : {
      "{urn:x-hp:2013:software:ccue:designer:descriptor-schema}hidden" : "true",
      "{urn:x-hp:2013:software:ccue:designer:descriptor-schema}tabSet" : "VIEW,EDIT",
      "maxLength" : "4000"
    },
    "consumerVisible" : true,
    "displayNames" : {
      "en-US" : {
        "value" : "localfilepath"
      }
    },
    "descriptions" : {
      "en-US" : {
        "value" : "localfilepath property."
      }
    }
  }, {
    "name" : "mysqlpassword",
    "type" : "string",
    "description" : "mysqlpassword property.",
    "minOccurs" : 0,
    "maxOccurs" : 1,
    "mode" : "INPUT",
    "subProperties" : [ ],
    "displayName" : "mysqlpassword",
    "confidential" : true,
    "tags" : {
      "{urn:x-hp:2013:software:ccue:designer:descriptor-schema}hidden" : "true",
      "{urn:x-hp:2013:software:ccue:designer:descriptor-schema}tabSet" : "VIEW,EDIT",
      "maxLength" : "4000"
    },
    "consumerVisible" : false,
    "displayNames" : {
      "en-US" : {
        "value" : "mysqlpassword"
      }
    },
    "descriptions" : {
      "en-US" : {
        "value" : "mysqlpassword property."
      }
    }
  }, {
    "name" : "mysqlusername",
    "type" : "string",
    "description" : "mysqlusername property.",
    "minOccurs" : 0,
    "maxOccurs" : 1,
    "mode" : "INPUT",
    "subProperties" : [ ],
    "displayName" : "mysqlusername",
    "confidential" : false,
    "tags" : {
      "{urn:x-hp:2013:software:ccue:designer:descriptor-schema}hidden" : "true",
      "{urn:x-hp:2013:software:ccue:designer:descriptor-schema}tabSet" : "VIEW,EDIT",
      "maxLength" : "4000"
    },
    "consumerVisible" : true,
    "displayNames" : {
      "en-US" : {
        "value" : "mysqlusername"
      }
    },
    "descriptions" : {
      "en-US" : {
        "value" : "mysqlusername property."
      }
    }
  }, {
    "name" : "port",
    "type" : "string",
    "description" : "port property.",
    "minOccurs" : 1,
    "maxOccurs" : 1,
    "mode" : "INPUT",
    "defaultValue" : {
      "value" : "22",
      "type" : "string"
    },
    "subProperties" : [ ],
    "displayName" : "port",
    "confidential" : false,
    "tags" : {
      "{urn:x-hp:2013:software:ccue:designer:descriptor-schema}tabSet" : "VIEW,EDIT",
      "maxLength" : "4000"
    },
    "consumerVisible" : true,
    "displayNames" : {
      "en-US" : {
        "value" : "port"
      }
    },
    "descriptions" : {
      "en-US" : {
        "value" : "port property."
      }
    }
  }, {
    "name" : "privatekeyPath",
    "type" : "string",
    "description" : "privatekeyPath property.",
    "minOccurs" : 0,
    "maxOccurs" : 1,
    "mode" : "INPUT",
    "subProperties" : [ ],
    "displayName" : "privatekeyPath",
    "confidential" : false,
    "tags" : {
      "{urn:x-hp:2013:software:ccue:designer:descriptor-schema}tabSet" : "VIEW,EDIT",
      "maxLength" : "4000"
    },
    "consumerVisible" : true,
    "displayNames" : {
      "en-US" : {
        "value" : "privatekeyPath"
      }
    },
    "descriptions" : {
      "en-US" : {
        "value" : "privatekeyPath property."
      }
    }
  }, {
    "name" : "remotefilepath",
    "type" : "string",
    "description" : "remotefilepath property.",
    "minOccurs" : 1,
    "maxOccurs" : 1,
    "mode" : "INPUT",
    "defaultValue" : {
      "value" : "/tmp/",
      "type" : "string"
    },
    "subProperties" : [ ],
    "displayName" : "remotefilepath",
    "confidential" : false,
    "tags" : {
      "{urn:x-hp:2013:software:ccue:designer:descriptor-schema}tabSet" : "VIEW,EDIT",
      "maxLength" : "4000"
    },
    "consumerVisible" : true,
    "displayNames" : {
      "en-US" : {
        "value" : "remotefilepath"
      }
    },
    "descriptions" : {
      "en-US" : {
        "value" : "remotefilepath property."
      }
    }
  }, {
    "name" : "response",
    "type" : "string",
    "description" : "response property.",
    "minOccurs" : 0,
    "maxOccurs" : 1,
    "mode" : "OUTPUT",
    "subProperties" : [ ],
    "displayName" : "response",
    "confidential" : false,
    "tags" : {
      "{urn:x-hp:2013:software:ccue:designer:descriptor-schema}tabSet" : "VIEW",
      "maxLength" : "4000"
    },
    "consumerVisible" : true,
    "displayNames" : {
      "en-US" : {
        "value" : "response"
      }
    },
    "descriptions" : {
      "en-US" : {
        "value" : "response property."
      }
    }
  }, {
    "name" : "result",
    "type" : "string",
    "description" : "result property.",
    "minOccurs" : 0,
    "maxOccurs" : 1,
    "mode" : "OUTPUT",
    "subProperties" : [ ],
    "displayName" : "result",
    "confidential" : false,
    "tags" : {
      "{urn:x-hp:2013:software:ccue:designer:descriptor-schema}tabSet" : "VIEW",
      "maxLength" : "4000"
    },
    "consumerVisible" : true,
    "displayNames" : {
      "en-US" : {
        "value" : "result"
      }
    },
    "descriptions" : {
      "en-US" : {
        "value" : "result property."
      }
    }
  }, {
    "name" : "servicecommand",
    "type" : "string",
    "description" : "servicecommand property.",
    "minOccurs" : 1,
    "maxOccurs" : 1,
    "mode" : "INPUT",
    "subProperties" : [ ],
    "displayName" : "servicecommand",
    "confidential" : false,
    "tags" : {
      "{urn:x-hp:2013:software:ccue:designer:descriptor-schema}tabSet" : "VIEW,EDIT",
      "maxLength" : "4000"
    },
    "consumerVisible" : true,
    "displayNames" : {
      "en-US" : {
        "value" : "servicecommand"
      }
    },
    "descriptions" : {
      "en-US" : {
        "value" : "servicecommand property."
      }
    }
  }, {
    "name" : "tomcathome",
    "type" : "string",
    "description" : "tomcathome property.",
    "minOccurs" : 0,
    "maxOccurs" : 1,
    "mode" : "INPUT",
    "subProperties" : [ ],
    "displayName" : "tomcathome",
    "confidential" : false,
    "tags" : {
      "{urn:x-hp:2013:software:ccue:designer:descriptor-schema}hidden" : "true",
      "{urn:x-hp:2013:software:ccue:designer:descriptor-schema}tabSet" : "VIEW,EDIT",
      "maxLength" : "4000"
    },
    "consumerVisible" : true,
    "displayNames" : {
      "en-US" : {
        "value" : "tomcathome"
      }
    },
    "descriptions" : {
      "en-US" : {
        "value" : "tomcathome property."
      }
    }
  } ],
  "displayName" : "PetClinic Application",
  "capabilities" : [ ],
  "characteristics" : [ ],
  "tagIds" : [ ],
  "revision" : 30,
  "resourceType" : "PETCLINICAPPLICATION",
  "tags" : {
    "designer.name.uri" : "com.hp.csa.type",
    "origin" : "ootb:HPOO",
    "designer.name.localPart" : "PetClinicApplicationType__VERSION__1.50.0000__GROUPID__com.hp.csa.type",
    "iconUrl" : "/csa/api/blobstore/pets.png?tag=library"
  },
  "final" : false,
  "displayNames" : {
    "en-US" : {
      "value" : "PetClinic Application"
    }
  },
  "descriptions" : {
    "en-US" : {
      "value" : "PetClinic Application"
    }
  }
}