<Topology _type="Topology">
  <id>95f110e3-2196-4d7b-a18a-dff48f19d6c9</id>
  <groupId>com.hp.csa</groupId>
  <artifactId>8a8186da4dd6c917014dd6d3694e0223</artifactId>
  <version>1.50.00</version>
  <description>A two-tier PetClinic Application with Database component installed on MySQL and Application component on Tomcat Server. These components are deployed on Amazon Servers.</description>
  <resources>
    <id>e293d1f8-46e5-4e2a-258d-c61772360db3</id>
    <name>Tomcat Application Server</name>
    <componentType>
      <groupId>com.hp.csa.type</groupId>
      <artifactId>Tomcat_Server_c2bc9714_19c3_488b_bdd0_37ee9544a21f_aade4fa90c4a4c8397d9a9bf4d141949</artifactId>
      <version>1</version>
    </componentType>
    <properties>
      <configurationUrl>
        <value/>
        <type>string</type>
      </configurationUrl>
      <sshPort>
        <value>22</value>
        <type>string</type>
      </sshPort>
      <installPath>
        <value/>
        <type>string</type>
      </installPath>
      <appProtocol>
        <value/>
        <type>string</type>
      </appProtocol>
      <_modifiable_properties>
        <value/>
        <type>string</type>
      </_modifiable_properties>
      <appPort>
        <value/>
        <type>string</type>
      </appPort>
      <remoteFilePath>
        <value>/tmp/</value>
        <type>string</type>
      </remoteFilePath>
      <Result>
        <value/>
        <type>string</type>
      </Result>
      <hostname>
        <value/>
        <type>string</type>
      </hostname>
      <password>
        <value/>
        <type>string_encrypted</type>
      </password>
      <serviceCommand>
        <value/>
        <type>string</type>
      </serviceCommand>
      <_enable_modify_during_lifecycle_properties>
        <value/>
        <type>string</type>
      </_enable_modify_during_lifecycle_properties>
      <port>
        <value/>
        <type>string</type>
      </port>
      <response>
        <value/>
        <type>string</type>
      </response>
      <artifactPassword>
        <value/>
        <type>string_encrypted</type>
      </artifactPassword>
      <artifactUrl>
        <value/>
        <type>string</type>
      </artifactUrl>
      <privatekeyPath>
        <value/>
        <type>string</type>
      </privatekeyPath>
      <artifactUsername>
        <value/>
        <type>string</type>
      </artifactUsername>
      <username>
        <value/>
        <type>string</type>
      </username>
    </properties>
    <outgoingRelations>
      <relationType>association</relationType>
      <id>6f7a5b50-3b0b-79d9-c17c-2ccd83519f21</id>
      <properties>
        <_enable_modify_during_lifecycle_properties>
          <value/>
          <type>string</type>
        </_enable_modify_during_lifecycle_properties>
        <_modifiable_properties>
          <value/>
          <type>string</type>
        </_modifiable_properties>
        <_relation_type>
          <value>
            <first>Association</first>
            <second>ASSOCIATION</second>
          </value>
          <type>pair</type>
        </_relation_type>
      </properties>
      <relationDescriptorName>installsOn_Tomcat_Server_c2bc9714_19c3_488b_bdd0_37ee9544a21f_aade4fa90c4a4c8397d9a9bf4d141949</relationDescriptorName>
      <topologyResource>
        <id>e1119538-abfb-b0e7-5c92-e367f9b9220d</id>
      </topologyResource>
    </outgoingRelations>
    <tags>
      <uniqueName>
        <value>TomcatApplicatio0001</value>
      </uniqueName>
      <displayName>
        <value>Tomcat Application Server</value>
      </displayName>
      <x>
        <value>697</value>
      </x>
      <description>
        <value>Apache Tomcat Application Server</value>
      </description>
      <y>
        <value>178</value>
      </y>
    </tags>
  </resources>
  <resources>
    <id>f4bc9e42-4fb0-892a-81f8-ce4c9069fbdf</id>
    <name>MySQL Database</name>
    <componentType>
      <groupId>com.hp.csa.type</groupId>
      <artifactId>MySQL_Database_20509e36_558f_4502_ba03_f76f5d879afb_f21f3034d7ea4431981b737d81ce6299</artifactId>
      <version>1</version>
    </componentType>
    <properties>
      <configurationUrl>
        <value/>
        <type>string</type>
      </configurationUrl>
      <sshPort>
        <value>22</value>
        <type>string</type>
      </sshPort>
      <installPath>
        <value/>
        <type>string</type>
      </installPath>
      <_modifiable_properties>
        <value/>
        <type>string</type>
      </_modifiable_properties>
      <type>
        <value/>
        <type>string</type>
      </type>
      <remoteFilePath>
        <value>/tmp/</value>
        <type>string</type>
      </remoteFilePath>
      <Result>
        <value/>
        <type>string</type>
      </Result>
      <hostname>
        <value/>
        <type>string</type>
      </hostname>
      <password>
        <value/>
        <type>string_encrypted</type>
      </password>
      <serviceCommand>
        <value/>
        <type>string</type>
      </serviceCommand>
      <_enable_modify_during_lifecycle_properties>
        <value/>
        <type>string</type>
      </_enable_modify_during_lifecycle_properties>
      <port>
        <value/>
        <type>string</type>
      </port>
      <response>
        <value/>
        <type>string</type>
      </response>
      <artifactPassword>
        <value/>
        <type>string_encrypted</type>
      </artifactPassword>
      <artifactUrl>
        <value/>
        <type>string</type>
      </artifactUrl>
      <privatekeyPath>
        <value/>
        <type>string</type>
      </privatekeyPath>
      <artifactUsername>
        <value/>
        <type>string</type>
      </artifactUsername>
      <username>
        <value/>
        <type>string</type>
      </username>
    </properties>
    <outgoingRelations>
      <relationType>association</relationType>
      <id>6c6c4040-3954-abc5-bc6b-673bb1305f06</id>
      <properties>
        <_enable_modify_during_lifecycle_properties>
          <value/>
          <type>string</type>
        </_enable_modify_during_lifecycle_properties>
        <_modifiable_properties>
          <value/>
          <type>string</type>
        </_modifiable_properties>
        <_relation_type>
          <value>
            <first>Association</first>
            <second>ASSOCIATION</second>
          </value>
          <type>pair</type>
        </_relation_type>
      </properties>
      <relationDescriptorName>installsOn_MySQL_Database_20509e36_558f_4502_ba03_f76f5d879afb_f21f3034d7ea4431981b737d81ce6299</relationDescriptorName>
      <topologyResource>
        <id>861d8f2a-24f1-ecf1-bfb7-abd12e8c776d</id>
      </topologyResource>
    </outgoingRelations>
    <tags>
      <uniqueName>
        <value>MySQLDatabase0001</value>
      </uniqueName>
      <displayName>
        <value>MySQL Database</value>
      </displayName>
      <x>
        <value>391</value>
      </x>
      <description>
        <value>MySQL Database Server</value>
      </description>
      <y>
        <value>162</value>
      </y>
    </tags>
  </resources>
  <resources>
    <id>861d8f2a-24f1-ecf1-bfb7-abd12e8c776d</id>
    <name>Amazon Server </name>
    <componentType>
      <groupId>com.hp.csa.type</groupId>
      <artifactId>AmazonServerType</artifactId>
      <version>15.07.0000</version>
    </componentType>
    <properties>
      <subnetId>
        <value/>
        <type>string</type>
      </subnetId>
      <instanceName>
        <value/>
        <type>string</type>
      </instanceName>
      <publicIpAddress>
        <value/>
        <type>string</type>
      </publicIpAddress>
      <instanceType>
        <value>m1.small</value>
        <type>string</type>
      </instanceType>
      <keyName>
        <value/>
        <type>string</type>
      </keyName>
      <availabilityZone>
        <value/>
        <type>string</type>
      </availabilityZone>
      <instanceStatus>
        <value/>
        <type>string</type>
      </instanceStatus>
      <privateIpAddress>
        <value/>
        <type>string</type>
      </privateIpAddress>
      <result>
        <value/>
        <type>string</type>
      </result>
      <privateKey>
        <value/>
        <type>string_encrypted</type>
      </privateKey>
      <amiId>
        <value/>
        <type>string</type>
      </amiId>
      <password>
        <value/>
        <type>string_encrypted</type>
      </password>
      <instanceId>
        <value/>
        <type>string</type>
      </instanceId>
      <instanceNamePrefix>
        <value/>
        <type>string</type>
      </instanceNamePrefix>
      <securityGroupIds>
        <value/>
        <type>string</type>
      </securityGroupIds>
      <vpcId>
        <value/>
        <type>string</type>
      </vpcId>
      <username>
        <value/>
        <type>string</type>
      </username>
    </properties>
    <tags>
      <uniqueName>
        <value>AmazonServer0001</value>
      </uniqueName>
      <displayName>
        <value>Amazon Server </value>
      </displayName>
      <x>
        <value>388</value>
      </x>
      <description>
        <value>Amazon Server</value>
      </description>
      <y>
        <value>347</value>
      </y>
    </tags>
  </resources>
  <resources>
    <id>e1119538-abfb-b0e7-5c92-e367f9b9220d</id>
    <name>Amazon Server </name>
    <componentType>
      <groupId>com.hp.csa.type</groupId>
      <artifactId>AmazonServerType</artifactId>
      <version>15.07.0000</version>
    </componentType>
    <properties>
      <subnetId>
        <value/>
        <type>string</type>
      </subnetId>
      <instanceName>
        <value/>
        <type>string</type>
      </instanceName>
      <publicIpAddress>
        <value/>
        <type>string</type>
      </publicIpAddress>
      <instanceType>
        <value>m1.small</value>
        <type>string</type>
      </instanceType>
      <keyName>
        <value/>
        <type>string</type>
      </keyName>
      <availabilityZone>
        <value/>
        <type>string</type>
      </availabilityZone>
      <instanceStatus>
        <value/>
        <type>string</type>
      </instanceStatus>
      <privateIpAddress>
        <value/>
        <type>string</type>
      </privateIpAddress>
      <result>
        <value/>
        <type>string</type>
      </result>
      <privateKey>
        <value/>
        <type>string_encrypted</type>
      </privateKey>
      <amiId>
        <value/>
        <type>string</type>
      </amiId>
      <password>
        <value/>
        <type>string_encrypted</type>
      </password>
      <instanceId>
        <value/>
        <type>string</type>
      </instanceId>
      <instanceNamePrefix>
        <value/>
        <type>string</type>
      </instanceNamePrefix>
      <securityGroupIds>
        <value/>
        <type>string</type>
      </securityGroupIds>
      <vpcId>
        <value/>
        <type>string</type>
      </vpcId>
      <username>
        <value/>
        <type>string</type>
      </username>
    </properties>
    <tags>
      <uniqueName>
        <value>AmazonServer0002</value>
      </uniqueName>
      <displayName>
        <value>Amazon Server </value>
      </displayName>
      <x>
        <value>696</value>
      </x>
      <description>
        <value>Amazon Server</value>
      </description>
      <y>
        <value>327</value>
      </y>
    </tags>
  </resources>
  <resources>
    <id>11668f70-46e9-5594-511a-0cb796f20b7b</id>
    <name>PetClinic DB Conf</name>
    <componentType>
      <groupId>com.hp.csa.type</groupId>
      <artifactId>New_PetDB_855ff95b_fde7_432e_b4dd_b7f7e8c2ba67_e6b6ca0914a34eec93438670d70e55e4</artifactId>
      <version>1</version>
    </componentType>
    <properties>
      <configurationurl>
        <value/>
        <type>string</type>
      </configurationurl>
      <mysqlusername>
        <value/>
        <type>string</type>
      </mysqlusername>
      <_modifiable_properties>
        <value/>
        <type>string</type>
      </_modifiable_properties>
      <mysqlpassword>
        <value/>
        <type>string_encrypted</type>
      </mysqlpassword>
      <artifactusername>
        <value/>
        <type>string</type>
      </artifactusername>
      <hostname>
        <value/>
        <type>string</type>
      </hostname>
      <password>
        <value/>
        <type>string_encrypted</type>
      </password>
      <artifactpassword>
        <value>ENC(ioBEx1EkhUjm9jEdyZzQtw==)</value>
        <type>string_encrypted</type>
      </artifactpassword>
      <_enable_modify_during_lifecycle_properties>
        <value/>
        <type>string</type>
      </_enable_modify_during_lifecycle_properties>
      <port>
        <value>22</value>
        <type>string</type>
      </port>
      <response>
        <value/>
        <type>string</type>
      </response>
      <privatekeyPath>
        <value/>
        <type>string</type>
      </privatekeyPath>
      <remotefilepath>
        <value/>
        <type>string</type>
      </remotefilepath>
      <servicecommand>
        <value/>
        <type>string</type>
      </servicecommand>
      <username>
        <value/>
        <type>string</type>
      </username>
    </properties>
    <outgoingRelations>
      <relationType>association</relationType>
      <id>e07ef4e4-cfba-614b-8960-62045b833f41</id>
      <properties>
        <_enable_modify_during_lifecycle_properties>
          <value/>
          <type>string</type>
        </_enable_modify_during_lifecycle_properties>
        <_modifiable_properties>
          <value/>
          <type>string</type>
        </_modifiable_properties>
        <_relation_type>
          <value>
            <first>Association</first>
            <second>ASSOCIATION</second>
          </value>
          <type>pair</type>
        </_relation_type>
      </properties>
      <relationDescriptorName>configuresDb_New_PetDB_855ff95b_fde7_432e_b4dd_b7f7e8c2ba67_e6b6ca0914a34eec93438670d70e55e4</relationDescriptorName>
      <topologyResource>
        <id>f4bc9e42-4fb0-892a-81f8-ce4c9069fbdf</id>
      </topologyResource>
    </outgoingRelations>
    <tags>
      <uniqueName>
        <value>PetClinicDBConf0001</value>
      </uniqueName>
      <displayName>
        <value>PetClinic DB Conf</value>
      </displayName>
      <x>
        <value>393</value>
      </x>
      <description>
        <value>Creates Pet Clinic Database on the database server</value>
      </description>
      <y>
        <value>10</value>
      </y>
    </tags>
  </resources>
  <resources>
    <id>f91e4f19-1747-8045-020d-92e05cd0e9c8</id>
    <name>PetClinic Application</name>
    <componentType>
      <groupId>com.hp.csa.type</groupId>
      <artifactId>PetClinicApplicationType</artifactId>
      <version>1.50.0000</version>
    </componentType>
    <properties>
      <configurationurl>
        <value/>
        <type>string</type>
      </configurationurl>
      <hostusername>
        <value/>
        <type>string</type>
      </hostusername>
      <mysqlusername>
        <value/>
        <type>string</type>
      </mysqlusername>
      <localfilepath>
        <value>petclinic.war</value>
        <type>string</type>
      </localfilepath>
      <mysqlpassword>
        <value/>
        <type>string_encrypted</type>
      </mysqlpassword>
      <apphostname>
        <value/>
        <type>string</type>
      </apphostname>
      <result>
        <value/>
        <type>string</type>
      </result>
      <artifactusername>
        <value/>
        <type>string</type>
      </artifactusername>
      <artifactpassword>
        <value/>
        <type>string_encrypted</type>
      </artifactpassword>
      <dbhostname>
        <value/>
        <type>string</type>
      </dbhostname>
      <dbpassword>
        <value/>
        <type>string_encrypted</type>
      </dbpassword>
      <port>
        <value>22</value>
        <type>string</type>
      </port>
      <tomcathome>
        <value/>
        <type>string</type>
      </tomcathome>
      <response>
        <value/>
        <type>string</type>
      </response>
      <artifacturl>
        <value/>
        <type>string</type>
      </artifacturl>
      <dbusername>
        <value/>
        <type>string</type>
      </dbusername>
      <privatekeyPath>
        <value/>
        <type>string</type>
      </privatekeyPath>
      <remotefilepath>
        <value>/tmp/</value>
        <type>string</type>
      </remotefilepath>
      <servicecommand>
        <value/>
        <type>string</type>
      </servicecommand>
      <hostpassword>
        <value/>
        <type>string_encrypted</type>
      </hostpassword>
    </properties>
    <outgoingRelations>
      <relationType>association</relationType>
      <id>be12a3bb-b0a4-eb83-34e2-c5e741ced0f6</id>
      <properties>
        <_enable_modify_during_lifecycle_properties>
          <value/>
          <type>string</type>
        </_enable_modify_during_lifecycle_properties>
        <_modifiable_properties>
          <value/>
          <type>string</type>
        </_modifiable_properties>
        <_relation_type>
          <value>
            <first>Association</first>
            <second>ASSOCIATION</second>
          </value>
          <type>pair</type>
        </_relation_type>
      </properties>
      <relationDescriptorName>hostedOn_PetClinicApplicationType__VERSION__1^50^0000__GROUPID__com^hp^csa^type</relationDescriptorName>
      <topologyResource>
        <id>e293d1f8-46e5-4e2a-258d-c61772360db3</id>
      </topologyResource>
    </outgoingRelations>
    <outgoingRelations>
      <relationType>association</relationType>
      <id>d3342086-d7af-9024-02ce-b02cbbad22cd</id>
      <properties>
        <_enable_modify_during_lifecycle_properties>
          <value/>
          <type>string</type>
        </_enable_modify_during_lifecycle_properties>
        <_modifiable_properties>
          <value/>
          <type>string</type>
        </_modifiable_properties>
        <_relation_type>
          <value>
            <first>Association</first>
            <second>ASSOCIATION</second>
          </value>
          <type>pair</type>
        </_relation_type>
      </properties>
      <relationDescriptorName>dbDetails_PetClinicApplicationType__VERSION__1^50^0000__GROUPID__com^hp^csa^type</relationDescriptorName>
      <topologyResource>
        <id>11668f70-46e9-5594-511a-0cb796f20b7b</id>
      </topologyResource>
    </outgoingRelations>
    <tags>
      <uniqueName>
        <value>PetClinicApplica0001</value>
      </uniqueName>
      <displayName>
        <value>PetClinic Application</value>
      </displayName>
      <x>
        <value>692</value>
      </x>
      <description>
        <value>PetClinic Application</value>
      </description>
      <y>
        <value>13</value>
      </y>
    </tags>
  </resources>
  <displayName>PetClinic Application on AWS</displayName>
  <revision>180</revision>
  <iconUrl>/csa/images/library/pets.png</iconUrl>
  <tagIds>
    <tagIds>8a818cf8ara15bc772b0145cb6efjhg99</tagIds>
  </tagIds>
  <tags>
    <serviceBlueprintId>
      <value>8a8186da4dd6c917014dd6d369ef0224</value>
    </serviceBlueprintId>
    <providerType>
      <value>independent</value>
    </providerType>
  </tags>
  <createdOn>1432296323953</createdOn>
  <updatedOn>1433852165343</updatedOn>
  <state>UNLOCKED</state>
  <hidden>false</hidden>
  <bound>false</bound>
  <partial>false</partial>
</Topology>