{
  "@type" : "ComponentType",
  "id" : "1113e7da-2529-43fb-bcdd-c9aa83d40cd9",
  "groupId" : "com.hp.csa.type",
  "artifactId" : "Apache_Load_Balancer_857e330f_271c_4a55_821b_1cb2b3da1c9a_7974f9292ef44d83923a0fbda4556024",
  "version" : "1.50.0000",
  "abstract" : false,
  "capability" : false,
  "description" : "Apache load balancer is a component that acts as a reverse proxy and distributes network or application traffic across a number of servers.",
  "actions" : [ {
    "name" : "deploy",
    "displayName" : "Deploy Load Balancer",
    "description" : "Deploy Apache Load Balancer",
    "inputParameters" : [ {
      "name" : "artifactPassword",
      "displayName" : "artifactPassword",
      "required" : false,
      "confidential" : true,
      "displayNames" : {
        "en-US" : {
          "value" : "artifactPassword"
        }
      },
      "descriptions" : { },
      "type" : "string"
    }, {
      "name" : "artifactUrl",
      "displayName" : "artifactUrl",
      "required" : true,
      "confidential" : false,
      "displayNames" : {
        "en-US" : {
          "value" : "artifactUrl"
        }
      },
      "descriptions" : { },
      "type" : "string"
    }, {
      "name" : "artifactUsername",
      "displayName" : "artifactUsername",
      "required" : false,
      "confidential" : false,
      "displayNames" : {
        "en-US" : {
          "value" : "artifactUsername"
        }
      },
      "descriptions" : { },
      "type" : "string"
    }, {
      "name" : "configurationUrl",
      "displayName" : "configurationUrl",
      "required" : true,
      "confidential" : false,
      "displayNames" : {
        "en-US" : {
          "value" : "configurationUrl"
        }
      },
      "descriptions" : { },
      "type" : "string"
    }, {
      "name" : "hostname",
      "displayName" : "hostname",
      "required" : true,
      "confidential" : false,
      "displayNames" : {
        "en-US" : {
          "value" : "hostname"
        }
      },
      "descriptions" : { },
      "type" : "string"
    }, {
      "name" : "ipAddressList",
      "displayName" : "ipAddressList",
      "required" : false,
      "confidential" : false,
      "displayNames" : {
        "en-US" : {
          "value" : "ipAddressList"
        }
      },
      "descriptions" : { },
      "type" : "string"
    }, {
      "name" : "password",
      "displayName" : "password",
      "required" : false,
      "confidential" : true,
      "displayNames" : {
        "en-US" : {
          "value" : "password"
        }
      },
      "descriptions" : { },
      "type" : "string"
    }, {
      "name" : "privatekeyPath",
      "displayName" : "privatekeyPath",
      "required" : false,
      "confidential" : false,
      "displayNames" : {
        "en-US" : {
          "value" : "privatekeyPath"
        }
      },
      "descriptions" : { },
      "type" : "string"
    }, {
      "name" : "remoteFilePath",
      "displayName" : "remoteFilePath",
      "required" : true,
      "confidential" : false,
      "displayNames" : {
        "en-US" : {
          "value" : "remoteFilePath"
        }
      },
      "descriptions" : { },
      "type" : "string"
    }, {
      "name" : "serviceCommand",
      "displayName" : "serviceCommand",
      "required" : true,
      "confidential" : false,
      "displayNames" : {
        "en-US" : {
          "value" : "serviceCommand"
        }
      },
      "descriptions" : { },
      "type" : "string"
    }, {
      "name" : "sshPort",
      "displayName" : "sshPort",
      "required" : false,
      "confidential" : false,
      "displayNames" : {
        "en-US" : {
          "value" : "sshPort"
        }
      },
      "descriptions" : { },
      "type" : "string"
    }, {
      "name" : "username",
      "displayName" : "username",
      "required" : false,
      "confidential" : false,
      "displayNames" : {
        "en-US" : {
          "value" : "username"
        }
      },
      "descriptions" : { },
      "type" : "string"
    } ],
    "outputParameters" : [ {
      "name" : "hostname",
      "displayName" : "hostname",
      "required" : false,
      "confidential" : false,
      "displayNames" : {
        "en-US" : {
          "value" : "hostname"
        }
      },
      "descriptions" : { },
      "type" : "string"
    }, {
      "name" : "installPath",
      "displayName" : "installPath",
      "required" : false,
      "confidential" : false,
      "displayNames" : {
        "en-US" : {
          "value" : "installPath"
        }
      },
      "descriptions" : { },
      "type" : "string"
    }, {
      "name" : "password",
      "displayName" : "password",
      "required" : false,
      "confidential" : false,
      "displayNames" : {
        "en-US" : {
          "value" : "password"
        }
      },
      "descriptions" : { },
      "type" : "string"
    }, {
      "name" : "response",
      "displayName" : "response",
      "required" : false,
      "confidential" : false,
      "displayNames" : {
        "en-US" : {
          "value" : "response"
        }
      },
      "descriptions" : { },
      "type" : "string"
    }, {
      "name" : "username",
      "displayName" : "username",
      "required" : false,
      "confidential" : false,
      "displayNames" : {
        "en-US" : {
          "value" : "username"
        }
      },
      "descriptions" : { },
      "type" : "string"
    } ],
    "lifecycleAction" : "Deploy",
    "final" : false,
    "visible" : false,
    "displayNames" : {
      "en-US" : {
        "value" : "Deploy Load Balancer"
      }
    },
    "descriptions" : {
      "en-US" : {
        "value" : "Deploy Apache Load Balancer"
      }
    }
  }, {
    "name" : "undeploy",
    "displayName" : "Undeploy Load Balancer",
    "description" : "Undeploy Apache Load Balancer",
    "inputParameters" : [ ],
    "outputParameters" : [ {
      "name" : "response",
      "displayName" : "response",
      "required" : false,
      "confidential" : false,
      "displayNames" : {
        "en-US" : {
          "value" : "response"
        }
      },
      "descriptions" : { },
      "type" : "string"
    } ],
    "lifecycleAction" : "Undeploy",
    "final" : false,
    "visible" : false,
    "displayNames" : {
      "en-US" : {
        "value" : "Undeploy Load Balancer"
      }
    },
    "descriptions" : {
      "en-US" : {
        "value" : "Undeploy Apache Load Balancer"
      }
    }
  } ],
  "relations" : [ {
    "name" : "installsOn_Apache_Load_Balancer_857e330f_271c_4a55_821b_1cb2b3da1c9a_7974f9292ef44d83923a0fbda4556024__VERSION__1^50^0000",
    "relationType" : "association",
    "targetType" : {
      "componentId" : {
        "artifactId" : "Server",
        "groupId" : "com.hp.csa.type",
        "version" : "1"
      },
      "constraints" : { }
    },
    "minOccursOnTarget" : 0,
    "maxOccursOnTarget" : 256,
    "minOccursOnSource" : 1,
    "maxOccursOnSource" : 1,
    "properties" : [ ],
    "displayName" : "installsOn",
    "displayNames" : {
      "en-US" : {
        "value" : "installsOn"
      }
    },
    "descriptions" : { }
  }, {
    "name" : "loadBalancer_Apache_Load_Balancer_857e330f_271c_4a55_821b_1cb2b3da1c9a_7974f9292ef44d83923a0fbda4556024__VERSION__1^50^0000",
    "relationType" : "association",
    "targetType" : {
      "componentId" : {
        "artifactId" : "PetClinicApplicationType",
        "groupId" : "com.hp.csa.type",
        "version" : "1.50.0000"
      },
      "constraints" : { }
    },
    "minOccursOnTarget" : 0,
    "maxOccursOnTarget" : 256,
    "minOccursOnSource" : 0,
    "maxOccursOnSource" : 100,
    "properties" : [ ],
    "displayName" : "loadBalancer",
    "displayNames" : {
      "en-US" : {
        "value" : "loadBalancer"
      }
    },
    "descriptions" : { }
  } ],
  "properties" : [ {
    "name" : "artifactPassword",
    "type" : "string",
    "minOccurs" : 0,
    "maxOccurs" : 1,
    "mode" : "INPUT_OUTPUT",
    "subProperties" : [ ],
    "displayName" : "artifactPassword",
    "confidential" : true,
    "tags" : {
      "{urn:x-hp:2013:software:ccue:designer:descriptor-schema}unitDescription" : null,
      "{urn:x-hp:2013:software:ccue:designer:descriptor-schema}validatorId" : null,
      "{urn:x-hp:2013:software:ccue:designer:descriptor-schema}tabSet" : "VIEW,EDIT",
      "maxLength" : "4000"
    },
    "consumerVisible" : false,
    "displayNames" : {
      "en-US" : {
        "value" : "artifactPassword"
      }
    },
    "descriptions" : { }
  }, {
    "name" : "artifactUrl",
    "type" : "string",
    "minOccurs" : 1,
    "maxOccurs" : 1,
    "mode" : "INPUT_OUTPUT",
    "subProperties" : [ ],
    "displayName" : "artifactUrl",
    "confidential" : false,
    "tags" : {
      "{urn:x-hp:2013:software:ccue:designer:descriptor-schema}unitDescription" : null,
      "{urn:x-hp:2013:software:ccue:designer:descriptor-schema}validatorId" : null,
      "{urn:x-hp:2013:software:ccue:designer:descriptor-schema}tabSet" : "VIEW,EDIT",
      "maxLength" : "4000"
    },
    "consumerVisible" : true,
    "displayNames" : {
      "en-US" : {
        "value" : "artifactUrl"
      }
    },
    "descriptions" : { }
  }, {
    "name" : "artifactUsername",
    "type" : "string",
    "minOccurs" : 0,
    "maxOccurs" : 1,
    "mode" : "INPUT_OUTPUT",
    "subProperties" : [ ],
    "displayName" : "artifactUsername",
    "confidential" : false,
    "tags" : {
      "{urn:x-hp:2013:software:ccue:designer:descriptor-schema}unitDescription" : null,
      "{urn:x-hp:2013:software:ccue:designer:descriptor-schema}validatorId" : null,
      "{urn:x-hp:2013:software:ccue:designer:descriptor-schema}tabSet" : "VIEW,EDIT",
      "maxLength" : "4000"
    },
    "consumerVisible" : true,
    "displayNames" : {
      "en-US" : {
        "value" : "artifactUsername"
      }
    },
    "descriptions" : { }
  }, {
    "name" : "configurationUrl",
    "type" : "string",
    "minOccurs" : 1,
    "maxOccurs" : 1,
    "mode" : "INPUT_OUTPUT",
    "subProperties" : [ ],
    "displayName" : "configurationUrl",
    "confidential" : false,
    "tags" : {
      "{urn:x-hp:2013:software:ccue:designer:descriptor-schema}unitDescription" : null,
      "{urn:x-hp:2013:software:ccue:designer:descriptor-schema}validatorId" : null,
      "{urn:x-hp:2013:software:ccue:designer:descriptor-schema}tabSet" : "VIEW,EDIT",
      "maxLength" : "4000"
    },
    "consumerVisible" : true,
    "displayNames" : {
      "en-US" : {
        "value" : "configurationUrl"
      }
    },
    "descriptions" : { }
  }, {
    "name" : "hostname",
    "type" : "string",
    "minOccurs" : 0,
    "maxOccurs" : 1,
    "mode" : "INPUT_OUTPUT",
    "subProperties" : [ ],
    "displayName" : "hostname",
    "confidential" : false,
    "tags" : {
      "{urn:x-hp:2013:software:ccue:designer:descriptor-schema}unitDescription" : null,
      "{urn:x-hp:2013:software:ccue:designer:descriptor-schema}validatorId" : null,
      "{urn:x-hp:2013:software:ccue:designer:descriptor-schema}hidden" : "true",
      "{urn:x-hp:2013:software:ccue:designer:descriptor-schema}tabSet" : "VIEW,EDIT",
      "maxLength" : "4000"
    },
    "consumerVisible" : true,
    "displayNames" : {
      "en-US" : {
        "value" : "hostname"
      }
    },
    "descriptions" : { }
  }, {
    "name" : "installPath",
    "type" : "string",
    "minOccurs" : 0,
    "maxOccurs" : 1,
    "mode" : "INPUT_OUTPUT",
    "subProperties" : [ ],
    "displayName" : "installPath",
    "confidential" : false,
    "tags" : {
      "{urn:x-hp:2013:software:ccue:designer:descriptor-schema}unitDescription" : null,
      "{urn:x-hp:2013:software:ccue:designer:descriptor-schema}validatorId" : null,
      "{urn:x-hp:2013:software:ccue:designer:descriptor-schema}computed" : "true",
      "{urn:x-hp:2013:software:ccue:designer:descriptor-schema}hidden" : "true",
      "{urn:x-hp:2013:software:ccue:designer:descriptor-schema}tabSet" : "VIEW,EDIT",
      "maxLength" : "4000"
    },
    "consumerVisible" : true,
    "displayNames" : {
      "en-US" : {
        "value" : "installPath"
      }
    },
    "descriptions" : { }
  }, {
    "name" : "ipAddressList",
    "type" : "string",
    "minOccurs" : 0,
    "maxOccurs" : 1,
    "mode" : "INPUT_OUTPUT",
    "subProperties" : [ ],
    "displayName" : "ipAddressList",
    "confidential" : false,
    "tags" : {
      "{urn:x-hp:2013:software:ccue:designer:descriptor-schema}unitDescription" : null,
      "{urn:x-hp:2013:software:ccue:designer:descriptor-schema}validatorId" : null,
      "{urn:x-hp:2013:software:ccue:designer:descriptor-schema}hidden" : "true",
      "{urn:x-hp:2013:software:ccue:designer:descriptor-schema}tabSet" : "VIEW,EDIT",
      "maxLength" : "4000"
    },
    "consumerVisible" : true,
    "displayNames" : {
      "en-US" : {
        "value" : "ipAddressList"
      }
    },
    "descriptions" : { }
  }, {
    "name" : "password",
    "type" : "string",
    "minOccurs" : 0,
    "maxOccurs" : 1,
    "mode" : "INPUT_OUTPUT",
    "subProperties" : [ ],
    "displayName" : "password",
    "confidential" : true,
    "tags" : {
      "{urn:x-hp:2013:software:ccue:designer:descriptor-schema}unitDescription" : null,
      "{urn:x-hp:2013:software:ccue:designer:descriptor-schema}validatorId" : null,
      "{urn:x-hp:2013:software:ccue:designer:descriptor-schema}hidden" : "true",
      "{urn:x-hp:2013:software:ccue:designer:descriptor-schema}tabSet" : "VIEW,EDIT",
      "maxLength" : "4000"
    },
    "consumerVisible" : false,
    "displayNames" : {
      "en-US" : {
        "value" : "password"
      }
    },
    "descriptions" : { }
  }, {
    "name" : "privatekeyPath",
    "type" : "string",
    "minOccurs" : 0,
    "maxOccurs" : 1,
    "mode" : "INPUT_OUTPUT",
    "subProperties" : [ ],
    "displayName" : "privatekeyPath",
    "confidential" : false,
    "tags" : {
      "{urn:x-hp:2013:software:ccue:designer:descriptor-schema}unitDescription" : null,
      "{urn:x-hp:2013:software:ccue:designer:descriptor-schema}validatorId" : null,
      "{urn:x-hp:2013:software:ccue:designer:descriptor-schema}tabSet" : "VIEW,EDIT",
      "maxLength" : "4000"
    },
    "consumerVisible" : true,
    "displayNames" : {
      "en-US" : {
        "value" : "privatekeyPath"
      }
    },
    "descriptions" : { }
  }, {
    "name" : "remoteFilePath",
    "type" : "string",
    "minOccurs" : 1,
    "maxOccurs" : 1,
    "mode" : "INPUT_OUTPUT",
    "defaultValue" : {
      "value" : "/tmp/",
      "type" : "string"
    },
    "subProperties" : [ ],
    "displayName" : "remoteFilePath",
    "confidential" : false,
    "tags" : {
      "{urn:x-hp:2013:software:ccue:designer:descriptor-schema}unitDescription" : null,
      "{urn:x-hp:2013:software:ccue:designer:descriptor-schema}validatorId" : null,
      "{urn:x-hp:2013:software:ccue:designer:descriptor-schema}tabSet" : "VIEW,EDIT",
      "maxLength" : "4000"
    },
    "consumerVisible" : true,
    "displayNames" : {
      "en-US" : {
        "value" : "remoteFilePath"
      }
    },
    "descriptions" : { }
  }, {
    "name" : "response",
    "type" : "string",
    "minOccurs" : 0,
    "maxOccurs" : 1,
    "mode" : "INPUT_OUTPUT",
    "subProperties" : [ ],
    "displayName" : "response",
    "confidential" : false,
    "tags" : {
      "{urn:x-hp:2013:software:ccue:designer:descriptor-schema}unitDescription" : null,
      "{urn:x-hp:2013:software:ccue:designer:descriptor-schema}validatorId" : null,
      "{urn:x-hp:2013:software:ccue:designer:descriptor-schema}computed" : "true",
      "{urn:x-hp:2013:software:ccue:designer:descriptor-schema}hidden" : "true",
      "{urn:x-hp:2013:software:ccue:designer:descriptor-schema}tabSet" : "VIEW,EDIT",
      "maxLength" : "4000"
    },
    "consumerVisible" : true,
    "displayNames" : {
      "en-US" : {
        "value" : "response"
      }
    },
    "descriptions" : { }
  }, {
    "name" : "serviceCommand",
    "type" : "string",
    "minOccurs" : 1,
    "maxOccurs" : 1,
    "mode" : "INPUT_OUTPUT",
    "defaultValue" : {
      "value" : "",
      "type" : "string"
    },
    "subProperties" : [ ],
    "displayName" : "serviceCommand",
    "confidential" : false,
    "tags" : {
      "{urn:x-hp:2013:software:ccue:designer:descriptor-schema}unitDescription" : null,
      "{urn:x-hp:2013:software:ccue:designer:descriptor-schema}validatorId" : null,
      "{urn:x-hp:2013:software:ccue:designer:descriptor-schema}tabSet" : "VIEW,EDIT",
      "maxLength" : "4000"
    },
    "consumerVisible" : true,
    "displayNames" : {
      "en-US" : {
        "value" : "serviceCommand"
      }
    },
    "descriptions" : { }
  }, {
    "name" : "sshPort",
    "type" : "string",
    "minOccurs" : 1,
    "maxOccurs" : 1,
    "mode" : "INPUT_OUTPUT",
    "defaultValue" : {
      "value" : "22",
      "type" : "string"
    },
    "subProperties" : [ ],
    "displayName" : "sshPort",
    "confidential" : false,
    "tags" : {
      "{urn:x-hp:2013:software:ccue:designer:descriptor-schema}unitDescription" : null,
      "{urn:x-hp:2013:software:ccue:designer:descriptor-schema}validatorId" : null,
      "{urn:x-hp:2013:software:ccue:designer:descriptor-schema}tabSet" : "VIEW,EDIT",
      "maxLength" : "4000"
    },
    "consumerVisible" : true,
    "displayNames" : {
      "en-US" : {
        "value" : "sshPort"
      }
    },
    "descriptions" : { }
  }, {
    "name" : "username",
    "type" : "string",
    "minOccurs" : 0,
    "maxOccurs" : 1,
    "mode" : "INPUT_OUTPUT",
    "subProperties" : [ ],
    "displayName" : "username",
    "confidential" : false,
    "tags" : {
      "{urn:x-hp:2013:software:ccue:designer:descriptor-schema}unitDescription" : null,
      "{urn:x-hp:2013:software:ccue:designer:descriptor-schema}validatorId" : null,
      "{urn:x-hp:2013:software:ccue:designer:descriptor-schema}hidden" : "true",
      "{urn:x-hp:2013:software:ccue:designer:descriptor-schema}tabSet" : "VIEW,EDIT",
      "maxLength" : "4000"
    },
    "consumerVisible" : true,
    "displayNames" : {
      "en-US" : {
        "value" : "username"
      }
    },
    "descriptions" : { }
  } ],
  "displayName" : "Apache Load Balancer",
  "capabilities" : [ ],
  "characteristics" : [ ],
  "tagIds" : [ ],
  "revision" : 32,
  "resourceType" : "OO_COMPONENT",
  "tags" : {
    "designer.name.uri" : "urn:x-hp:2013:software:ccue:designer:topology-metamodel:oo",
    "origin" : "embraced",
    "designer.name.localPart" : "Apache_Load_Balancer_857e330f_271c_4a55_821b_1cb2b3da1c9a_7974f9292ef44d83923a0fbda4556024__VERSION__1.50.0000",
    "iconUrl" : "/csa/api/blobstore/NetworkServers.png?tag=library"
  },
  "final" : false,
  "displayNames" : {
    "en-US" : {
      "value" : "Apache Load Balancer"
    }
  },
  "descriptions" : {
    "en-US" : {
      "value" : "Apache load balancer is a component that acts as a reverse proxy and distributes network or application traffic across a number of servers."
    }
  }
}