{
  "@type" : "ComponentType",
  "id" : "c84b86b2-6448-47a2-a591-a4400ae260c9",
  "groupId" : "com.hp.csa.type",
  "artifactId" : "Server",
  "version" : "1",
  "abstract" : true,
  "capability" : true,
  "description" : "Server is a capability component that provides required properties for servers. Server can be associated with concrete components that support this capability, for example vCenter Server and Amazon Server.",
  "actions" : [ ],
  "relations" : [ ],
  "properties" : [ {
    "name" : "ipAddress",
    "type" : "string",
    "minOccurs" : 0,
    "maxOccurs" : 1,
    "mode" : "INPUT",
    "defaultValue" : {
      "value" : "",
      "type" : "string"
    },
    "subProperties" : [ ],
    "displayName" : "ipAddress",
    "confidential" : false,
    "tags" : {
      "{urn:x-hp:2013:software:ccue:designer:descriptor-schema}hidden" : "true",
      "{urn:x-hp:2013:software:ccue:designer:descriptor-schema}withModifiable" : "true",
      "{urn:x-hp:2013:software:ccue:designer:descriptor-schema}tabSet" : "VIEW,EDIT"
    },
    "consumerVisible" : true,
    "displayNames" : {
      "en-US" : {
        "value" : "ipAddress"
      }
    },
    "descriptions" : { }
  }, {
    "name" : "hostname",
    "type" : "string",
    "minOccurs" : 0,
    "maxOccurs" : 1,
    "mode" : "INPUT",
    "defaultValue" : {
      "value" : "",
      "type" : "string"
    },
    "subProperties" : [ ],
    "displayName" : "hostname",
    "confidential" : false,
    "tags" : {
      "{urn:x-hp:2013:software:ccue:designer:descriptor-schema}hidden" : "true",
      "{urn:x-hp:2013:software:ccue:designer:descriptor-schema}withModifiable" : "true",
      "{urn:x-hp:2013:software:ccue:designer:descriptor-schema}tabSet" : "VIEW,EDIT"
    },
    "consumerVisible" : true,
    "displayNames" : {
      "en-US" : {
        "value" : "hostname"
      }
    },
    "descriptions" : { }
  }, {
    "name" : "instanceId",
    "type" : "string",
    "minOccurs" : 0,
    "maxOccurs" : 1,
    "mode" : "INPUT",
    "defaultValue" : {
      "value" : "",
      "type" : "string"
    },
    "subProperties" : [ ],
    "displayName" : "instanceId",
    "confidential" : false,
    "tags" : {
      "{urn:x-hp:2013:software:ccue:designer:descriptor-schema}hidden" : "true",
      "{urn:x-hp:2013:software:ccue:designer:descriptor-schema}withModifiable" : "true",
      "{urn:x-hp:2013:software:ccue:designer:descriptor-schema}tabSet" : "VIEW,EDIT"
    },
    "consumerVisible" : true,
    "displayNames" : {
      "en-US" : {
        "value" : "instanceId"
      }
    },
    "descriptions" : { }
  }, {
    "name" : "username",
    "type" : "string",
    "minOccurs" : 0,
    "maxOccurs" : 1,
    "mode" : "INPUT",
    "defaultValue" : {
      "value" : "",
      "type" : "string"
    },
    "subProperties" : [ ],
    "displayName" : "username",
    "confidential" : false,
    "tags" : {
      "{urn:x-hp:2013:software:ccue:designer:descriptor-schema}hidden" : "true",
      "{urn:x-hp:2013:software:ccue:designer:descriptor-schema}withModifiable" : "true",
      "{urn:x-hp:2013:software:ccue:designer:descriptor-schema}tabSet" : "VIEW,EDIT"
    },
    "consumerVisible" : true,
    "displayNames" : {
      "en-US" : {
        "value" : "username"
      }
    },
    "descriptions" : { }
  }, {
    "name" : "password",
    "type" : "string",
    "minOccurs" : 0,
    "maxOccurs" : 1,
    "mode" : "INPUT",
    "defaultValue" : {
      "value" : null,
      "type" : "string_encrypted"
    },
    "subProperties" : [ ],
    "displayName" : "password",
    "confidential" : true,
    "tags" : {
      "{urn:x-hp:2013:software:ccue:designer:descriptor-schema}hidden" : "true",
      "{urn:x-hp:2013:software:ccue:designer:descriptor-schema}withModifiable" : "true",
      "{urn:x-hp:2013:software:ccue:designer:descriptor-schema}tabSet" : "VIEW,EDIT"
    },
    "consumerVisible" : false,
    "displayNames" : {
      "en-US" : {
        "value" : "password"
      }
    },
    "descriptions" : { }
  }, {
    "name" : "privateKey",
    "type" : "string",
    "minOccurs" : 0,
    "maxOccurs" : 1,
    "mode" : "INPUT",
    "defaultValue" : {
      "value" : null,
      "type" : "string_encrypted"
    },
    "subProperties" : [ ],
    "displayName" : "privateKey",
    "confidential" : true,
    "tags" : {
      "{urn:x-hp:2013:software:ccue:designer:descriptor-schema}hidden" : "true",
      "{urn:x-hp:2013:software:ccue:designer:descriptor-schema}withModifiable" : "true",
      "{urn:x-hp:2013:software:ccue:designer:descriptor-schema}tabSet" : "VIEW,EDIT"
    },
    "consumerVisible" : false,
    "displayNames" : {
      "en-US" : {
        "value" : "privateKey"
      }
    },
    "descriptions" : { }
  } ],
  "displayName" : "Server",
  "capabilities" : [ ],
  "characteristics" : [ ],
  "tagIds" : [ ],
  "revision" : 0,
  "tags" : {
    "designer.name.uri" : "com.hp.csa.type",
    "origin" : "ootb:NONE",
    "designer.name.localPart" : "Server",
    "iconUrl" : "pluginResources/topology/icons/SERVER.svg"
  },
  "final" : false,
  "displayNames" : {
    "en-US" : {
      "value" : "Server"
    }
  },
  "descriptions" : {
    "en-US" : {
      "value" : "Server is a capability component that provides required properties for servers. Server can be associated with concrete components that support this capability, for example vCenter Server and Amazon Server."
    }
  }
}