{
  "@type" : "ComponentTemplate",
  "id" : "ae7d5ece-bef0-4fc9-b321-027738109d4d",
  "artifactId" : "Apache_Load_Balancer_857e330f_271c_4a55_821b_1cb2b3da1c9a_7974f9292ef44d83923a0fbda4556024",
  "groupId" : "com.hp.csa.template",
  "version" : "1.50.0000",
  "displayName" : "Apache Load Balancer",
  "description" : "Apache load balancer is a component that acts as a reverse proxy and distributes network or application traffic across a number of servers.",
  "implementedTypes" : [ {
    "componentId" : {
      "artifactId" : "Apache_Load_Balancer_857e330f_271c_4a55_821b_1cb2b3da1c9a_7974f9292ef44d83923a0fbda4556024",
      "groupId" : "com.hp.csa.type",
      "version" : "1.50.0000"
    },
    "constraints" : { }
  } ],
  "actions" : [ {
    "actionDescriptor" : {
      "name" : "undeploy",
      "displayName" : "Undeploy Load Balancer",
      "description" : "Undeploy Apache Load Balancer",
      "inputParameters" : [ ],
      "outputParameters" : [ {
        "name" : "response",
        "displayName" : "response",
        "required" : false,
        "confidential" : false,
        "displayNames" : {
          "en-US" : {
            "value" : "response"
          }
        },
        "descriptions" : { },
        "type" : "string"
      } ],
      "lifecycleAction" : "Undeploy",
      "final" : false,
      "visible" : false,
      "displayNames" : {
        "en-US" : {
          "value" : "Undeploy Load Balancer"
        }
      },
      "descriptions" : {
        "en-US" : {
          "value" : "Undeploy Apache Load Balancer"
        }
      }
    },
    "processEngineDescriptors" : [ {
      "processEngineId" : "HP_OO",
      "mapping" : {
        "input" : { },
        "output" : {
          "response" : "@PROPERTY:response"
        }
      },
      "executableId" : "f8748501-692d-41ca-a5b7-578e1fdbaec2"
    } ]
  }, {
    "actionDescriptor" : {
      "name" : "deploy",
      "displayName" : "Deploy Load Balancer",
      "description" : "Deploy Apache Load Balancer",
      "inputParameters" : [ {
        "name" : "artifactPassword",
        "displayName" : "artifactPassword",
        "required" : false,
        "confidential" : true,
        "displayNames" : {
          "en-US" : {
            "value" : "artifactPassword"
          }
        },
        "descriptions" : { },
        "type" : "string"
      }, {
        "name" : "artifactUrl",
        "displayName" : "artifactUrl",
        "required" : true,
        "confidential" : false,
        "displayNames" : {
          "en-US" : {
            "value" : "artifactUrl"
          }
        },
        "descriptions" : { },
        "type" : "string"
      }, {
        "name" : "artifactUsername",
        "displayName" : "artifactUsername",
        "required" : false,
        "confidential" : false,
        "displayNames" : {
          "en-US" : {
            "value" : "artifactUsername"
          }
        },
        "descriptions" : { },
        "type" : "string"
      }, {
        "name" : "configurationUrl",
        "displayName" : "configurationUrl",
        "required" : true,
        "confidential" : false,
        "displayNames" : {
          "en-US" : {
            "value" : "configurationUrl"
          }
        },
        "descriptions" : { },
        "type" : "string"
      }, {
        "name" : "hostname",
        "displayName" : "hostname",
        "required" : true,
        "confidential" : false,
        "displayNames" : {
          "en-US" : {
            "value" : "hostname"
          }
        },
        "descriptions" : { },
        "type" : "string"
      }, {
        "name" : "ipAddressList",
        "displayName" : "ipAddressList",
        "required" : false,
        "confidential" : false,
        "displayNames" : {
          "en-US" : {
            "value" : "ipAddressList"
          }
        },
        "descriptions" : { },
        "type" : "string"
      }, {
        "name" : "password",
        "displayName" : "password",
        "required" : false,
        "confidential" : true,
        "displayNames" : {
          "en-US" : {
            "value" : "password"
          }
        },
        "descriptions" : { },
        "type" : "string"
      }, {
        "name" : "privatekeyPath",
        "displayName" : "privatekeyPath",
        "required" : false,
        "confidential" : false,
        "displayNames" : {
          "en-US" : {
            "value" : "privatekeyPath"
          }
        },
        "descriptions" : { },
        "type" : "string"
      }, {
        "name" : "remoteFilePath",
        "displayName" : "remoteFilePath",
        "required" : true,
        "confidential" : false,
        "displayNames" : {
          "en-US" : {
            "value" : "remoteFilePath"
          }
        },
        "descriptions" : { },
        "type" : "string"
      }, {
        "name" : "serviceCommand",
        "displayName" : "serviceCommand",
        "required" : true,
        "confidential" : false,
        "displayNames" : {
          "en-US" : {
            "value" : "serviceCommand"
          }
        },
        "descriptions" : { },
        "type" : "string"
      }, {
        "name" : "sshPort",
        "displayName" : "sshPort",
        "required" : false,
        "confidential" : false,
        "displayNames" : {
          "en-US" : {
            "value" : "sshPort"
          }
        },
        "descriptions" : { },
        "type" : "string"
      }, {
        "name" : "username",
        "displayName" : "username",
        "required" : false,
        "confidential" : false,
        "displayNames" : {
          "en-US" : {
            "value" : "username"
          }
        },
        "descriptions" : { },
        "type" : "string"
      } ],
      "outputParameters" : [ {
        "name" : "hostname",
        "displayName" : "hostname",
        "required" : false,
        "confidential" : false,
        "displayNames" : {
          "en-US" : {
            "value" : "hostname"
          }
        },
        "descriptions" : { },
        "type" : "string"
      }, {
        "name" : "installPath",
        "displayName" : "installPath",
        "required" : false,
        "confidential" : false,
        "displayNames" : {
          "en-US" : {
            "value" : "installPath"
          }
        },
        "descriptions" : { },
        "type" : "string"
      }, {
        "name" : "password",
        "displayName" : "password",
        "required" : false,
        "confidential" : false,
        "displayNames" : {
          "en-US" : {
            "value" : "password"
          }
        },
        "descriptions" : { },
        "type" : "string"
      }, {
        "name" : "response",
        "displayName" : "response",
        "required" : false,
        "confidential" : false,
        "displayNames" : {
          "en-US" : {
            "value" : "response"
          }
        },
        "descriptions" : { },
        "type" : "string"
      }, {
        "name" : "username",
        "displayName" : "username",
        "required" : false,
        "confidential" : false,
        "displayNames" : {
          "en-US" : {
            "value" : "username"
          }
        },
        "descriptions" : { },
        "type" : "string"
      } ],
      "lifecycleAction" : "Deploy",
      "final" : false,
      "visible" : false,
      "displayNames" : {
        "en-US" : {
          "value" : "Deploy Load Balancer"
        }
      },
      "descriptions" : {
        "en-US" : {
          "value" : "Deploy Apache Load Balancer"
        }
      }
    },
    "processEngineDescriptors" : [ {
      "processEngineId" : "HP_OO",
      "mapping" : {
        "input" : {
          "configurationUrl" : "@PROPERTY:configurationUrl",
          "sshPort" : "@PROPERTY:sshPort",
          "hostname" : "@PROPERTY:installsOn_Apache_Load_Balancer_857e330f_271c_4a55_821b_1cb2b3da1c9a_7974f9292ef44d83923a0fbda4556024__VERSION__1^50^0000.ipAddress",
          "password" : "@PROPERTY:installsOn_Apache_Load_Balancer_857e330f_271c_4a55_821b_1cb2b3da1c9a_7974f9292ef44d83923a0fbda4556024__VERSION__1^50^0000.password",
          "serviceCommand" : "@PROPERTY:serviceCommand",
          "artifactPassword" : "@PROPERTY:artifactPassword",
          "artifactUrl" : "@PROPERTY:artifactUrl",
          "privatekeyPath" : "@PROPERTY:privatekeyPath",
          "artifactUsername" : "@PROPERTY:artifactUsername",
          "remoteFilePath" : "@PROPERTY:remoteFilePath",
          "ipAddressList" : "@PROPERTY:loadBalancer_Apache_Load_Balancer_857e330f_271c_4a55_821b_1cb2b3da1c9a_7974f9292ef44d83923a0fbda4556024__VERSION__1^50^0000.apphostname",
          "username" : "@PROPERTY:installsOn_Apache_Load_Balancer_857e330f_271c_4a55_821b_1cb2b3da1c9a_7974f9292ef44d83923a0fbda4556024__VERSION__1^50^0000.username"
        },
        "output" : {
          "installPath" : "@PROPERTY:installPath",
          "hostname" : "@PROPERTY:hostname",
          "password" : "@PROPERTY:password",
          "response" : "@PROPERTY:response",
          "username" : "@PROPERTY:username"
        }
      },
      "executableId" : "1b98dc0d-8f90-4675-b9e7-4ff71cefbd46"
    } ]
  } ],
  "relations" : [ ],
  "properties" : [ ],
  "revision" : 24,
  "displayNames" : {
    "en-US" : {
      "value" : "Apache Load Balancer"
    }
  },
  "descriptions" : {
    "en-US" : {
      "value" : "Apache load balancer is a component that acts as a reverse proxy and distributes network or application traffic across a number of servers."
    }
  }
}