<?xml version="1.0" encoding="UTF-8" standalone="yes"?><manifest><archiveItems><item>SERVICE_DESIGN_PetClinic_Application_with_Load_Balancer_8a8186da4dd6c917014dd6d2f3b10145.xml</item><itemLocation>com.hp.csa.model.vo.service.ServiceBlueprintVO</itemLocation><itemType>com.hp.csa.model.vo.service.ServiceBlueprintVO</itemType></archiveItems><archiveItems><item>service_composite.png</item><itemLocation>\images\categories\component_type\service_composite.png</itemLocation><itemType>File</itemType></archiveItems><archiveItems><item>management-darkgray.svg</item><itemLocation>\images\library\management-darkgray.svg</itemLocation><itemType>File</itemType></archiveItems><archiveItems><item>pets.png</item><itemLocation>\images\library\pets.png</itemLocation><itemType>File</itemType></archiveItems><archiveItems><item>COMPONENTTYPE_com.hp.csa.type_New_PetDB_855ff95b_fde7_432e_b4dd_b7f7e8c2ba67_e6b6ca0914a34eec93438670d70e55e4_1.json</item><itemLocation>com.hp.csa.topology.model.ComponentType</itemLocation><itemType>com.hp.csa.topology.model.ComponentType</itemType></archiveItems><archiveItems><item>Tools1.png</item><itemLocation>/images//library/Tools1.png</itemLocation><itemType>File</itemType></archiveItems><archiveItems><item>COMPONENTTEMPLATE_com.hp.csa.template_New_PetDB_855ff95b_fde7_432e_b4dd_b7f7e8c2ba67_e6b6ca0914a34eec93438670d70e55e4_1.json</item><itemLocation>com.hp.csa.topology.model.ComponentTemplate</itemLocation><itemType>com.hp.csa.topology.model.ComponentTemplate</itemType></archiveItems><archiveItems><item>COMPONENTTYPE_com.hp.csa.type_Server_1.json</item><itemLocation>com.hp.csa.topology.model.ComponentType</itemLocation><itemType>com.hp.csa.topology.model.ComponentType</itemType></archiveItems><archiveItems><item>COMPONENTTYPE_com.hp.csa.type_ApplicationServer_1.json</item><itemLocation>com.hp.csa.topology.model.ComponentType</itemLocation><itemType>com.hp.csa.topology.model.ComponentType</itemType></archiveItems><archiveItems><item>COMPONENTTYPE_com.hp.csa.type_DatabaseServer_1.json</item><itemLocation>com.hp.csa.topology.model.ComponentType</itemLocation><itemType>com.hp.csa.topology.model.ComponentType</itemType></archiveItems><archiveItems><item>COMPONENTTYPE_com.hp.csa.type_Apache_Load_Balancer_857e330f_271c_4a55_821b_1cb2b3da1c9a_7974f9292ef44d83923a0fbda4556024_1.50.0000.json</item><itemLocation>com.hp.csa.topology.model.ComponentType</itemLocation><itemType>com.hp.csa.topology.model.ComponentType</itemType></archiveItems><archiveItems><item>NetworkServers.png</item><itemLocation>/images//library/NetworkServers.png</itemLocation><itemType>File</itemType></archiveItems><archiveItems><item>COMPONENTTEMPLATE_com.hp.csa.template_Apache_Load_Balancer_857e330f_271c_4a55_821b_1cb2b3da1c9a_7974f9292ef44d83923a0fbda4556024_1.50.0000.json</item><itemLocation>com.hp.csa.topology.model.ComponentTemplate</itemLocation><itemType>com.hp.csa.topology.model.ComponentTemplate</itemType></archiveItems><archiveItems><item>COMPONENTTYPE_com.hp.csa.type_PetClinicApplicationType_1.50.0000.json</item><itemLocation>com.hp.csa.topology.model.ComponentType</itemLocation><itemType>com.hp.csa.topology.model.ComponentType</itemType></archiveItems><archiveItems><item>COMPONENTTEMPLATE_com.hp.csa.template_PetClinicApplicationType_1.50.0000.json</item><itemLocation>com.hp.csa.topology.model.ComponentTemplate</itemLocation><itemType>com.hp.csa.topology.model.ComponentTemplate</itemType></archiveItems><archiveItems><item>COMPONENTTYPE_com.hp.csa.type.scalingGroup_ScalingGroupType_df5c541a-c476-47ff-9e08-08cc4ff6ddc4_1.json</item><itemLocation>com.hp.csa.topology.model.ComponentType</itemLocation><itemType>com.hp.csa.topology.model.ComponentType</itemType></archiveItems><archiveItems><item>COMPONENTTEMPLATE_com.hp.csa.template.scalingGroup_ScalingGroupTemplate_df5c541a-c476-47ff-9e08-08cc4ff6ddc4_1.json</item><itemLocation>com.hp.csa.topology.model.ComponentTemplate</itemLocation><itemType>com.hp.csa.topology.model.ComponentTemplate</itemType></archiveItems><archiveItems><item>TOPOLOGY_PetClinic Application with Load Balancer_d86f5445-e930-45ef-b8c8-5c9cae860541.xml</item><itemLocation>com.hp.csa.topology.model.Topology</itemLocation><itemType>com.hp.csa.topology.model.Topology</itemType></archiveItems><csaVersion>04.50.0000.0</csaVersion></manifest>