<Topology _type="Topology">
  <id>d86f5445-e930-45ef-b8c8-5c9cae860541</id>
  <groupId>com.hp.csa</groupId>
  <artifactId>8a8186da4dd6c917014dd6d2f307013f</artifactId>
  <version>1.50.00</version>
  <description>A PetClinic Application with scalable stack and Apache Load Balancer. This is a partial design which requires the Database and Application server microservices for fulfillment.</description>
  <resources>
    <id>01a77e8e-3578-ec61-2663-d192034b25e2</id>
    <name>PetClinic DB Conf</name>
    <componentType>
      <groupId>com.hp.csa.type</groupId>
      <artifactId>New_PetDB_855ff95b_fde7_432e_b4dd_b7f7e8c2ba67_e6b6ca0914a34eec93438670d70e55e4</artifactId>
      <version>1</version>
    </componentType>
    <properties>
      <configurationurl>
        <value/>
        <type>string</type>
      </configurationurl>
      <mysqlusername>
        <value/>
        <type>string</type>
      </mysqlusername>
      <_modifiable_properties>
        <value/>
        <type>string</type>
      </_modifiable_properties>
      <mysqlpassword>
        <value/>
        <type>string_encrypted</type>
      </mysqlpassword>
      <artifactusername>
        <value/>
        <type>string</type>
      </artifactusername>
      <hostname>
        <value/>
        <type>string</type>
      </hostname>
      <password>
        <value/>
        <type>string_encrypted</type>
      </password>
      <artifactpassword>
        <value/>
        <type>string</type>
      </artifactpassword>
      <_enable_modify_during_lifecycle_properties>
        <value/>
        <type>string</type>
      </_enable_modify_during_lifecycle_properties>
      <port>
        <value>22</value>
        <type>string</type>
      </port>
      <response>
        <value/>
        <type>string</type>
      </response>
      <privatekeyPath>
        <value/>
        <type>string</type>
      </privatekeyPath>
      <remotefilepath>
        <value>/tmp/</value>
        <type>string</type>
      </remotefilepath>
      <servicecommand>
        <value/>
        <type>string</type>
      </servicecommand>
      <username>
        <value/>
        <type>string</type>
      </username>
    </properties>
    <outgoingRelations>
      <relationType>association</relationType>
      <id>e798fa5a-12ac-0cfa-45ef-cc2deb8c4cf9</id>
      <properties>
        <_enable_modify_during_lifecycle_properties>
          <value/>
          <type>string</type>
        </_enable_modify_during_lifecycle_properties>
        <_modifiable_properties>
          <value/>
          <type>string</type>
        </_modifiable_properties>
        <_relation_type>
          <value>
            <first>Association</first>
            <second>ASSOCIATION</second>
          </value>
          <type>pair</type>
        </_relation_type>
      </properties>
      <relationDescriptorName>configuresDb_New_PetDB_855ff95b_fde7_432e_b4dd_b7f7e8c2ba67_e6b6ca0914a34eec93438670d70e55e4</relationDescriptorName>
      <topologyResource>
        <id>3cb27c95-9861-c67d-0ad9-8291b2f774fe</id>
      </topologyResource>
    </outgoingRelations>
    <tags>
      <uniqueName>
        <value>PetClinicDBConf0001</value>
      </uniqueName>
      <displayName>
        <value>PetClinic DB Conf</value>
      </displayName>
      <x>
        <value>613</value>
      </x>
      <description>
        <value>Creates Pet Clinic Database on the database server</value>
      </description>
      <y>
        <value>87</value>
      </y>
    </tags>
  </resources>
  <resources>
    <id>948ad389-4f53-4e6e-4fcc-e62af22960b5</id>
    <name>Server</name>
    <componentType>
      <groupId>com.hp.csa.type</groupId>
      <artifactId>Server</artifactId>
      <version>1</version>
    </componentType>
    <properties>
      <privateKey>
        <value/>
        <type>string_encrypted</type>
      </privateKey>
      <hostname>
        <value/>
        <type>string</type>
      </hostname>
      <password>
        <value/>
        <type>string_encrypted</type>
      </password>
      <instanceId>
        <value/>
        <type>string</type>
      </instanceId>
      <ipAddress>
        <value/>
        <type>string</type>
      </ipAddress>
      <username>
        <value/>
        <type>string</type>
      </username>
    </properties>
    <tags>
      <uniqueName>
        <value>Server0001</value>
      </uniqueName>
      <displayName>
        <value>Server</value>
      </displayName>
      <x>
        <value>122</value>
      </x>
      <description>
        <value>Server is a capability component that provides required properties for servers. Server can be associated with concrete components that support this capability, for example vCenter Server and Amazon Server.</value>
      </description>
      <y>
        <value>250</value>
      </y>
    </tags>
  </resources>
  <resources>
    <id>16e426fa-211c-5a7a-2775-7f8f092fa760</id>
    <name>Application Server</name>
    <componentType>
      <groupId>com.hp.csa.type</groupId>
      <artifactId>ApplicationServer</artifactId>
      <version>1</version>
    </componentType>
    <properties>
      <installPath>
        <value/>
        <type>string</type>
      </installPath>
      <hostname>
        <value/>
        <type>string</type>
      </hostname>
      <password>
        <value/>
        <type>string</type>
      </password>
      <protocol>
        <value/>
        <type>string</type>
      </protocol>
      <port>
        <value/>
        <type>string</type>
      </port>
      <username>
        <value/>
        <type>string</type>
      </username>
    </properties>
    <tags>
      <uniqueName>
        <value>ApplicationServe0001</value>
      </uniqueName>
      <displayName>
        <value>Application Server</value>
      </displayName>
      <x>
        <value>367</value>
      </x>
      <description>
        <value>Application Server is a capability component that provides required properties for application servers. Application Server can be associated with concrete components that support this capability, for example PHP and JBoss.</value>
      </description>
      <y>
        <value>260</value>
      </y>
    </tags>
    <requirements>
      <requirements>
        <id>541b8c11-1399-442b-bef9-b28d9a12dd38</id>
        <name>Tomcat 7</name>
        <description>Tomcat 7</description>
      </requirements>
    </requirements>
  </resources>
  <resources>
    <id>3cb27c95-9861-c67d-0ad9-8291b2f774fe</id>
    <name>Database Server</name>
    <componentType>
      <groupId>com.hp.csa.type</groupId>
      <artifactId>DatabaseServer</artifactId>
      <version>1</version>
    </componentType>
    <properties>
      <hostname>
        <value/>
        <type>string</type>
      </hostname>
      <password>
        <value/>
        <type>string_encrypted</type>
      </password>
      <port>
        <value/>
        <type>string</type>
      </port>
      <type>
        <value/>
        <type>string</type>
      </type>
      <username>
        <value/>
        <type>string</type>
      </username>
    </properties>
    <tags>
      <uniqueName>
        <value>DatabaseServer0001</value>
      </uniqueName>
      <displayName>
        <value>Database Server</value>
      </displayName>
      <x>
        <value>616</value>
      </x>
      <description>
        <value>Database Server is a capability component that provides required properties for database servers. Database Server can be associated with concrete components that support this capability, for example Oracle and MySQL.</value>
      </description>
      <y>
        <value>257</value>
      </y>
    </tags>
    <requirements>
      <requirements>
        <id>ca4a0d9b-2d36-43a8-a37e-c8933e779867</id>
        <name>MySQL 5.6</name>
        <description>MySQL 5.6</description>
      </requirements>
    </requirements>
  </resources>
  <resources>
    <id>0be8b068-3ff6-f03c-b360-955726bbef70</id>
    <name>Apache Load Balancer</name>
    <componentType>
      <groupId>com.hp.csa.type</groupId>
      <artifactId>Apache_Load_Balancer_857e330f_271c_4a55_821b_1cb2b3da1c9a_7974f9292ef44d83923a0fbda4556024</artifactId>
      <version>1.50.0000</version>
    </componentType>
    <properties>
      <configurationUrl>
        <value/>
        <type>string</type>
      </configurationUrl>
      <sshPort>
        <value>22</value>
        <type>string</type>
      </sshPort>
      <installPath>
        <value/>
        <type>string</type>
      </installPath>
      <remoteFilePath>
        <value>/tmp/</value>
        <type>string</type>
      </remoteFilePath>
      <ipAddressList>
        <value/>
        <type>string</type>
      </ipAddressList>
      <hostname>
        <value/>
        <type>string</type>
      </hostname>
      <password>
        <value/>
        <type>string_encrypted</type>
      </password>
      <serviceCommand>
        <value></value>
        <type>string</type>
      </serviceCommand>
      <response>
        <value/>
        <type>string</type>
      </response>
      <artifactPassword>
        <value/>
        <type>string_encrypted</type>
      </artifactPassword>
      <artifactUrl>
        <value/>
        <type>string</type>
      </artifactUrl>
      <privatekeyPath>
        <value/>
        <type>string</type>
      </privatekeyPath>
      <artifactUsername>
        <value/>
        <type>string</type>
      </artifactUsername>
      <username>
        <value/>
        <type>string</type>
      </username>
    </properties>
    <outgoingRelations>
      <relationType>association</relationType>
      <id>ad506b88-941e-f679-26bd-97054cce7e10</id>
      <properties>
        <_enable_modify_during_lifecycle_properties>
          <value/>
          <type>string</type>
        </_enable_modify_during_lifecycle_properties>
        <_modifiable_properties>
          <value/>
          <type>string</type>
        </_modifiable_properties>
        <_relation_type>
          <value>
            <first>Association</first>
            <second>ASSOCIATION</second>
          </value>
          <type>pair</type>
        </_relation_type>
      </properties>
      <relationDescriptorName>loadBalancer_Apache_Load_Balancer_857e330f_271c_4a55_821b_1cb2b3da1c9a_7974f9292ef44d83923a0fbda4556024__VERSION__1^50^0000</relationDescriptorName>
      <topologyResource>
        <id>5acfd91d-5171-2049-ebc6-7bf582239f24</id>
      </topologyResource>
    </outgoingRelations>
    <outgoingRelations>
      <relationType>association</relationType>
      <id>427449b0-dbe8-01f5-11c6-c79efec71a6c</id>
      <properties>
        <_enable_modify_during_lifecycle_properties>
          <value/>
          <type>string</type>
        </_enable_modify_during_lifecycle_properties>
        <_modifiable_properties>
          <value/>
          <type>string</type>
        </_modifiable_properties>
        <_relation_type>
          <value>
            <first>Association</first>
            <second>ASSOCIATION</second>
          </value>
          <type>pair</type>
        </_relation_type>
      </properties>
      <relationDescriptorName>installsOn_Apache_Load_Balancer_857e330f_271c_4a55_821b_1cb2b3da1c9a_7974f9292ef44d83923a0fbda4556024__VERSION__1^50^0000</relationDescriptorName>
      <topologyResource>
        <id>948ad389-4f53-4e6e-4fcc-e62af22960b5</id>
      </topologyResource>
    </outgoingRelations>
    <tags>
      <uniqueName>
        <value>ApacheLoadBalanc0001</value>
      </uniqueName>
      <displayName>
        <value>Apache Load Balancer</value>
      </displayName>
      <x>
        <value>124</value>
      </x>
      <description>
        <value>Apache load balancer is a component that acts as a reverse proxy and distributes network or application traffic across a number of servers.</value>
      </description>
      <y>
        <value>83</value>
      </y>
    </tags>
  </resources>
  <resources>
    <id>5acfd91d-5171-2049-ebc6-7bf582239f24</id>
    <name>PetClinic Application</name>
    <componentType>
      <groupId>com.hp.csa.type</groupId>
      <artifactId>PetClinicApplicationType</artifactId>
      <version>1.50.0000</version>
    </componentType>
    <properties>
      <configurationurl>
        <value/>
        <type>string</type>
      </configurationurl>
      <hostusername>
        <value/>
        <type>string</type>
      </hostusername>
      <mysqlusername>
        <value/>
        <type>string</type>
      </mysqlusername>
      <localfilepath>
        <value>petclinic.war</value>
        <type>string</type>
      </localfilepath>
      <mysqlpassword>
        <value/>
        <type>string_encrypted</type>
      </mysqlpassword>
      <apphostname>
        <value/>
        <type>string</type>
      </apphostname>
      <result>
        <value/>
        <type>string</type>
      </result>
      <artifactusername>
        <value/>
        <type>string</type>
      </artifactusername>
      <artifactpassword>
        <value/>
        <type>string_encrypted</type>
      </artifactpassword>
      <dbhostname>
        <value/>
        <type>string</type>
      </dbhostname>
      <dbpassword>
        <value/>
        <type>string_encrypted</type>
      </dbpassword>
      <port>
        <value>22</value>
        <type>string</type>
      </port>
      <tomcathome>
        <value/>
        <type>string</type>
      </tomcathome>
      <response>
        <value/>
        <type>string</type>
      </response>
      <artifacturl>
        <value/>
        <type>string</type>
      </artifacturl>
      <dbusername>
        <value/>
        <type>string</type>
      </dbusername>
      <privatekeyPath>
        <value/>
        <type>string</type>
      </privatekeyPath>
      <remotefilepath>
        <value>/tmp/</value>
        <type>string</type>
      </remotefilepath>
      <servicecommand>
        <value/>
        <type>string</type>
      </servicecommand>
      <hostpassword>
        <value/>
        <type>string_encrypted</type>
      </hostpassword>
    </properties>
    <outgoingRelations>
      <relationType>association</relationType>
      <id>37b15769-5470-002c-3223-1d16913fab12</id>
      <properties>
        <_enable_modify_during_lifecycle_properties>
          <value/>
          <type>string</type>
        </_enable_modify_during_lifecycle_properties>
        <_modifiable_properties>
          <value/>
          <type>string</type>
        </_modifiable_properties>
        <_relation_type>
          <value>
            <first>Association</first>
            <second>ASSOCIATION</second>
          </value>
          <type>pair</type>
        </_relation_type>
      </properties>
      <relationDescriptorName>hostedOn_PetClinicApplicationType__VERSION__1^50^0000__GROUPID__com^hp^csa^type</relationDescriptorName>
      <topologyResource>
        <id>16e426fa-211c-5a7a-2775-7f8f092fa760</id>
      </topologyResource>
    </outgoingRelations>
    <outgoingRelations>
      <relationType>association</relationType>
      <id>717ba27c-d880-33b3-647a-96a5f48af8bd</id>
      <properties>
        <_enable_modify_during_lifecycle_properties>
          <value/>
          <type>string</type>
        </_enable_modify_during_lifecycle_properties>
        <_modifiable_properties>
          <value/>
          <type>string</type>
        </_modifiable_properties>
        <_relation_type>
          <value>
            <first>Association</first>
            <second>ASSOCIATION</second>
          </value>
          <type>pair</type>
        </_relation_type>
      </properties>
      <relationDescriptorName>dbDetails_PetClinicApplicationType__VERSION__1^50^0000__GROUPID__com^hp^csa^type</relationDescriptorName>
      <topologyResource>
        <id>01a77e8e-3578-ec61-2663-d192034b25e2</id>
      </topologyResource>
    </outgoingRelations>
    <tags>
      <uniqueName>
        <value>PetClinicApplica0001</value>
      </uniqueName>
      <displayName>
        <value>PetClinic Application</value>
      </displayName>
      <x>
        <value>368</value>
      </x>
      <description>
        <value>PetClinic Application</value>
      </description>
      <y>
        <value>81</value>
      </y>
    </tags>
  </resources>
  <resources>
    <id>df5c541a-c476-47ff-9e08-08cc4ff6ddc4</id>
    <name>Application Tier</name>
    <componentType>
      <groupId>com.hp.csa.type.scalingGroup</groupId>
      <artifactId>ScalingGroupType_df5c541a-c476-47ff-9e08-08cc4ff6ddc4</artifactId>
      <version>1</version>
    </componentType>
    <properties>
      <_enable_modify_during_lifecycle_properties>
        <value/>
        <type>string</type>
      </_enable_modify_during_lifecycle_properties>
      <instanceCount>
        <value>1</value>
        <type>number</type>
      </instanceCount>
      <_modifiable_properties>
        <value/>
        <type>string</type>
      </_modifiable_properties>
    </properties>
    <outgoingRelations>
      <relationType>aggregation</relationType>
      <id>a9f11c38-6537-43a8-bd70-db1ddd51f894</id>
      <topologyResource>
        <id>16e426fa-211c-5a7a-2775-7f8f092fa760</id>
      </topologyResource>
    </outgoingRelations>
    <outgoingRelations>
      <relationType>aggregation</relationType>
      <id>b381ac15-26f0-4e68-84f5-c92a27de3d8d</id>
      <topologyResource>
        <id>5acfd91d-5171-2049-ebc6-7bf582239f24</id>
      </topologyResource>
    </outgoingRelations>
    <templateRef>
      <artifactId>ScalingGroupTemplate_df5c541a-c476-47ff-9e08-08cc4ff6ddc4</artifactId>
      <groupId>com.hp.csa.template.scalingGroup</groupId>
      <version>1</version>
    </templateRef>
    <tags>
      <uniqueName>
        <value>ApplicationTier0001</value>
      </uniqueName>
      <color>
        <value>#51b749</value>
      </color>
      <iconUrl>
        <value>/csa/api/blobstore/Distribution_RGB_blue_NT.png?tag=library</value>
      </iconUrl>
    </tags>
  </resources>
  <displayName>PetClinic Application with Load Balancer</displayName>
  <revision>201</revision>
  <iconUrl>/csa/images/library/pets.png</iconUrl>
  <tagIds>
    <tagIds>8a818cf8ara15bc772b0145cb6efjhg99</tagIds>
  </tagIds>
  <tags>
    <serviceBlueprintId>
      <value>8a8186da4dd6c917014dd6d2f3b10145</value>
    </serviceBlueprintId>
    <providerType>
      <value>independent</value>
    </providerType>
  </tags>
  <createdOn>1432914700363</createdOn>
  <updatedOn>1433851755937</updatedOn>
  <state>UNLOCKED</state>
  <hidden>false</hidden>
  <bound>false</bound>
  <partial>true</partial>
</Topology>