<?xml version="1.0" encoding="UTF-8" standalone="yes"?><ServiceBlueprint><id>8a8187814db77a97014db92d6ed90282</id><objectId>8a8187814db77a97014db92d6ed90282</objectId><createdOn>2015-06-03T16:57:52.027+05:30</createdOn><updatedOn>2015-06-03T17:19:43.800+05:30</updatedOn><createdBy><id>90d96588360da0c701360da0f1d600a1</id><objectId>90d96588360da0c701360da0f1d600a1</objectId><isCriticalSystemObject>true</isCriticalSystemObject><description>admin</description><iconUrl>http://localhost/admin</iconUrl><name>admin</name><displayName>admin</displayName><disabled>false</disabled></createdBy><updatedBy><id>90d96588360da0c701360da0f1d600a1</id><objectId>90d96588360da0c701360da0f1d600a1</objectId><isCriticalSystemObject>true</isCriticalSystemObject><description>admin</description><iconUrl>http://localhost/admin</iconUrl><name>admin</name><displayName>admin</displayName><disabled>false</disabled></updatedBy><isCriticalSystemObject>false</isCriticalSystemObject><description>A MySQL microservice which can be used to deploy partial PetClinic Application with scalable stack design</description><iconUrl>/csa/images/library/mysql.png</iconUrl><name>08ef5eeb-bece-411b-9eba-a98620ce6328</name><displayName>MySQL Microservice</displayName><state><id>90d96588360da0c701360da0ef470038</id><objectId>90d96588360da0c701360da0ef470038</objectId><createdOn>2015-06-02T21:56:07.277+05:30</createdOn><isCriticalSystemObject>true</isCriticalSystemObject><description>Active</description><iconUrl>/csa/images/categories/artifact_state/active.png</iconUrl><name>ACTIVE</name><displayName>Active</displayName><disabled>false</disabled><categoryType><id>90d96588360da0c701360da0ef420037</id><objectId>90d96588360da0c701360da0ef420037</objectId><isCriticalSystemObject>true</isCriticalSystemObject><description>Artifact State</description><name>ARTIFACT_STATE</name><displayName>Artifact State</displayName><extensible>false</extensible></categoryType></state><optionModel><id>8a8187814db77a97014db92d7067028c</id><objectId>8a8187814db77a97014db92d7067028c</objectId><createdOn>2015-06-03T16:57:52.423+05:30</createdOn><updatedOn>2015-06-03T17:19:43.803+05:30</updatedOn><createdBy><id>90d96588360da0c701360da0f1d600a1</id><objectId>90d96588360da0c701360da0f1d600a1</objectId><isCriticalSystemObject>true</isCriticalSystemObject><description>admin</description><iconUrl>http://localhost/admin</iconUrl><name>admin</name><displayName>admin</displayName><disabled>false</disabled></createdBy><updatedBy><id>90d96588360da0c701360da0f1d600a1</id><objectId>90d96588360da0c701360da0f1d600a1</objectId><isCriticalSystemObject>true</isCriticalSystemObject><description>admin</description><iconUrl>http://localhost/admin</iconUrl><name>admin</name><displayName>admin</displayName><disabled>false</disabled></updatedBy><isCriticalSystemObject>false</isCriticalSystemObject><name>PetClinic application two tier infrastructure</name><optionSets><id>8a8187814db77a97014db92d7067028d</id><objectId>8a8187814db77a97014db92d7067028d</objectId><createdOn>2015-06-03T16:57:52.423+05:30</createdOn><updatedOn>2015-06-03T17:19:43.803+05:30</updatedOn><createdBy><id>90d96588360da0c701360da0f1d600a1</id><objectId>90d96588360da0c701360da0f1d600a1</objectId><isCriticalSystemObject>true</isCriticalSystemObject><description>admin</description><iconUrl>http://localhost/admin</iconUrl><name>admin</name><displayName>admin</displayName><disabled>false</disabled></createdBy><updatedBy><id>90d96588360da0c701360da0f1d600a1</id><objectId>90d96588360da0c701360da0f1d600a1</objectId><isCriticalSystemObject>true</isCriticalSystemObject><description>admin</description><iconUrl>http://localhost/admin</iconUrl><name>admin</name><displayName>admin</displayName><disabled>false</disabled></updatedBy><isCriticalSystemObject>false</isCriticalSystemObject><description>All available profiles of the design that are applicable during initial order.</description><iconUrl>/csa/images/library/default.png</iconUrl><name>Tue May 26 17:20:14 IST 2015__initialOrderConfigurations</name><displayName>Initial Order Profiles</displayName><options><id>8a8187814db77a97014db92d7067028e</id><objectId>8a8187814db77a97014db92d7067028e</objectId><createdOn>2015-06-03T16:57:52.423+05:30</createdOn><updatedOn>2015-06-03T17:19:43.803+05:30</updatedOn><createdBy><id>90d96588360da0c701360da0f1d600a1</id><objectId>90d96588360da0c701360da0f1d600a1</objectId><isCriticalSystemObject>true</isCriticalSystemObject><description>admin</description><iconUrl>http://localhost/admin</iconUrl><name>admin</name><displayName>admin</displayName><disabled>false</disabled></createdBy><updatedBy><id>90d96588360da0c701360da0f1d600a1</id><objectId>90d96588360da0c701360da0f1d600a1</objectId><isCriticalSystemObject>true</isCriticalSystemObject><description>admin</description><iconUrl>http://localhost/admin</iconUrl><name>admin</name><displayName>admin</displayName><disabled>false</disabled></updatedBy><isCriticalSystemObject>false</isCriticalSystemObject><description>Design without any profile applied.</description><name>Tue May 26 17:20:14 IST 2015__no_profile-SERVICE_COMPOSITE__Tue Nov 04 19:45:09 IST 2014</name><displayName>No profile selected.</displayName><consumerReadOnly>false</consumerReadOnly><consumerVisible>true</consumerVisible><isSelected>true</isSelected><orderIndex>0</orderIndex></options><maxOccurs>1</maxOccurs><minOccurs>1</minOccurs><orderIndex>0</orderIndex><isInitialOrder>true</isInitialOrder><consumerReadOnly>false</consumerReadOnly><consumerVisible>true</consumerVisible><isAOSTopologyComponentOptionSet>false</isAOSTopologyComponentOptionSet></optionSets></optionModel><artifactType><id>75f747551889482f8868215847d06620</id><objectId>75f747551889482f8868215847d06620</objectId><createdOn>2015-06-02T21:56:07.503+05:30</createdOn><isCriticalSystemObject>true</isCriticalSystemObject><description>Topology Service Blueprint</description><iconUrl>/csa/images/categories/artifact_type/service_blueprint.png</iconUrl><name>TOPOLOGY_SERVICE_BLUEPRINT</name><displayName>Topology Service Blueprint</displayName><disabled>false</disabled><categoryType><id>90d96588360da0c701360da0eeb40017</id><objectId>90d96588360da0c701360da0eeb40017</objectId><isCriticalSystemObject>true</isCriticalSystemObject><description>Artifact Type</description><name>ARTIFACT_TYPE</name><displayName>Artifact Type</displayName><extensible>false</extensible></categoryType></artifactType><disabled>false</disabled><artifactContainer><id>8a8187814db77a97014db92d6ba90271</id><objectId>8a8187814db77a97014db92d6ba90271</objectId><isCriticalSystemObject>false</isCriticalSystemObject><description>A MySQL microservice which can be used to deploy partial PetClinic Application with scalable stack design</description><iconUrl>/csa/images/library/mysql.png</iconUrl><name>9551ce1bac1046fbb35f70666aaaa74a</name><displayName>MySQL Microservice</displayName><disabled>false</disabled></artifactContainer><tag><id>ede6b70286454f929d9566b8016f282e</id><createdOn>2015-06-02T21:56:17.190+05:30</createdOn><updatedOn>2015-06-02T21:56:17.190+05:30</updatedOn><isCriticalSystemObject>false</isCriticalSystemObject><description>Testing Service Designs</description><detailedDescription>Micro designs associated with Testing Lifecycle stage for Codar</detailedDescription><iconUrl>/csa/images/library/organizationDefault58.png</iconUrl><name>Testing_Micro_Service_1864f994-1141-49b5-b267-8aeabfc4ba36</name><displayName>Testing</displayName><color>#fbd75b</color><artifactType><id>824b4cd4011646dea116c090dc391247</id><createdOn>2015-06-02T21:56:07.503+05:30</createdOn><isCriticalSystemObject>true</isCriticalSystemObject><description>Lifecycle Artifact Container</description><iconUrl>/csa/images/categories/artifact_type/lifecycle_artifact_container.png</iconUrl><name>LIFECYCLE_ARTIFACT_CONTAINER</name><displayName>Lifecycle Artifact Container</displayName><disabled>false</disabled><categoryType><id>90d96588360da0c701360da0eeb40017</id><createdOn>2015-06-02T21:56:06.647+05:30</createdOn><isCriticalSystemObject>true</isCriticalSystemObject><description>Artifact Type</description><name>ARTIFACT_TYPE</name><displayName>Artifact Type</displayName><extensible>false</extensible></categoryType></artifactType><versionNumber>1</versionNumber></tag><tag><id>d22c213f7e644d1d8362b2830b2c93a9</id><createdOn>2015-06-02T21:56:17.187+05:30</createdOn><updatedOn>2015-06-02T21:56:17.187+05:30</updatedOn><isCriticalSystemObject>false</isCriticalSystemObject><description>Development Service Designs</description><detailedDescription>Micro designs associated with Developement Lifecycle stage for Codar</detailedDescription><iconUrl>/csa/images/library/organizationDefault58.png</iconUrl><name>Development_Micro_Service_a95b6111-f835-4190-90a8-4c1237d28d79</name><displayName>Development</displayName><color>#ff887c</color><artifactType><id>824b4cd4011646dea116c090dc391247</id><createdOn>2015-06-02T21:56:07.503+05:30</createdOn><isCriticalSystemObject>true</isCriticalSystemObject><description>Lifecycle Artifact Container</description><iconUrl>/csa/images/categories/artifact_type/lifecycle_artifact_container.png</iconUrl><name>LIFECYCLE_ARTIFACT_CONTAINER</name><displayName>Lifecycle Artifact Container</displayName><disabled>false</disabled><categoryType><id>90d96588360da0c701360da0eeb40017</id><createdOn>2015-06-02T21:56:06.647+05:30</createdOn><isCriticalSystemObject>true</isCriticalSystemObject><description>Artifact Type</description><name>ARTIFACT_TYPE</name><displayName>Artifact Type</displayName><extensible>false</extensible></categoryType></artifactType><versionNumber>1</versionNumber></tag><tag><id>775566f589944c489c7caaaf91ce3e8d</id><createdOn>2015-06-02T21:56:17.190+05:30</createdOn><updatedOn>2015-06-02T21:56:17.190+05:30</updatedOn><isCriticalSystemObject>false</isCriticalSystemObject><description>Production Service Designs</description><detailedDescription>Micro designs associated with Production Lifecycle stage for Codar</detailedDescription><iconUrl>/csa/images/library/organizationDefault58.png</iconUrl><name>Production_Micro_Service_84c97a48-e8bb-4440-b963-bd491c85bd82</name><displayName>Production</displayName><color>#ffffff</color><artifactType><id>824b4cd4011646dea116c090dc391247</id><createdOn>2015-06-02T21:56:07.503+05:30</createdOn><isCriticalSystemObject>true</isCriticalSystemObject><description>Lifecycle Artifact Container</description><iconUrl>/csa/images/categories/artifact_type/lifecycle_artifact_container.png</iconUrl><name>LIFECYCLE_ARTIFACT_CONTAINER</name><displayName>Lifecycle Artifact Container</displayName><disabled>false</disabled><categoryType><id>90d96588360da0c701360da0eeb40017</id><createdOn>2015-06-02T21:56:06.647+05:30</createdOn><isCriticalSystemObject>true</isCriticalSystemObject><description>Artifact Type</description><name>ARTIFACT_TYPE</name><displayName>Artifact Type</displayName><extensible>false</extensible></categoryType></artifactType><versionNumber>1</versionNumber></tag><tag><id>0c8ae53917c14e8f98a11e45eef386e0</id><createdOn>2015-06-02T21:56:17.190+05:30</createdOn><updatedOn>2015-06-02T21:56:17.190+05:30</updatedOn><isCriticalSystemObject>false</isCriticalSystemObject><description>Staging Service Designs</description><detailedDescription>Micro designs associated with Staging Lifecycle stage for Codar</detailedDescription><iconUrl>/csa/images/library/organizationDefault58.png</iconUrl><name>Staging_Micro_Service_91878b5c-b057-4152-8ddf-120a58aefcf6</name><displayName>Staging</displayName><color>#5484ed</color><artifactType><id>824b4cd4011646dea116c090dc391247</id><createdOn>2015-06-02T21:56:07.503+05:30</createdOn><isCriticalSystemObject>true</isCriticalSystemObject><description>Lifecycle Artifact Container</description><iconUrl>/csa/images/categories/artifact_type/lifecycle_artifact_container.png</iconUrl><name>LIFECYCLE_ARTIFACT_CONTAINER</name><displayName>Lifecycle Artifact Container</displayName><disabled>false</disabled><categoryType><id>90d96588360da0c701360da0eeb40017</id><createdOn>2015-06-02T21:56:06.647+05:30</createdOn><isCriticalSystemObject>true</isCriticalSystemObject><description>Artifact Type</description><name>ARTIFACT_TYPE</name><displayName>Artifact Type</displayName><extensible>false</extensible></categoryType></artifactType><versionNumber>1</versionNumber></tag><componentRoot><id>8a8187814db77a97014db92d6c460273</id><objectId>8a8187814db77a97014db92d6c460273</objectId><createdOn>2015-06-03T16:57:51.367+05:30</createdOn><updatedOn>2015-06-03T17:19:43.803+05:30</updatedOn><createdBy><id>90d96588360da0c701360da0f1d600a1</id><objectId>90d96588360da0c701360da0f1d600a1</objectId><isCriticalSystemObject>true</isCriticalSystemObject><description>admin</description><iconUrl>http://localhost/admin</iconUrl><name>admin</name><displayName>admin</displayName><disabled>false</disabled></createdBy><updatedBy><id>90d96588360da0c701360da0f1d600a1</id><objectId>90d96588360da0c701360da0f1d600a1</objectId><isCriticalSystemObject>true</isCriticalSystemObject><description>admin</description><iconUrl>http://localhost/admin</iconUrl><name>admin</name><displayName>admin</displayName><disabled>false</disabled></updatedBy><isCriticalSystemObject>false</isCriticalSystemObject><description>The root component of a service design and represents all the service components HP CSA needs to realize the infrastructure and applications required for the service.</description><detailedDescription>Service Composite</detailedDescription><iconUrl>/csa/images/categories/component_type/service_composite.png</iconUrl><name>SERVICE_COMPOSITE__Wed Jun 03 16:57:51 IST 2015</name><displayName>Service Composite</displayName><property><id>8a8187814db77a97014db92d6eda0287</id><objectId>8a8187814db77a97014db92d6eda0287</objectId><createdOn>2015-06-03T16:57:52.027+05:30</createdOn><updatedOn>2015-06-03T17:19:43.803+05:30</updatedOn><createdBy><id>90d96588360da0c701360da0f1d600a1</id><objectId>90d96588360da0c701360da0f1d600a1</objectId><isCriticalSystemObject>true</isCriticalSystemObject><description>admin</description><iconUrl>http://localhost/admin</iconUrl><name>admin</name><displayName>admin</displayName><disabled>false</disabled></createdBy><updatedBy><id>90d96588360da0c701360da0f1d600a1</id><objectId>90d96588360da0c701360da0f1d600a1</objectId><isCriticalSystemObject>true</isCriticalSystemObject><description>admin</description><iconUrl>http://localhost/admin</iconUrl><name>admin</name><displayName>admin</displayName><disabled>false</disabled></updatedBy><isCriticalSystemObject>false</isCriticalSystemObject><name>topologyId</name><valueType><id>90d96588360da0c701360da0efb50054</id><objectId>90d96588360da0c701360da0efb50054</objectId><createdOn>2015-06-02T21:56:07.317+05:30</createdOn><isCriticalSystemObject>true</isCriticalSystemObject><description>String</description><iconUrl>/csa/images/categories/value_type/string.png</iconUrl><name>STRING</name><displayName>String</displayName><disabled>false</disabled><categoryType><id>90d96588360da0c701360da0efa0004e</id><objectId>90d96588360da0c701360da0efa0004e</objectId><isCriticalSystemObject>true</isCriticalSystemObject><description>Value Type</description><name>VALUE_TYPE</name><displayName>Value Type</displayName><extensible>false</extensible></categoryType></valueType><values><id>8a8187814db77a97014db92d6eda0284</id><createdOn>2015-06-03T16:57:52.027+05:30</createdOn><updatedOn>2015-06-03T17:19:43.803+05:30</updatedOn><createdBy><id>90d96588360da0c701360da0f1d600a1</id><objectId>90d96588360da0c701360da0f1d600a1</objectId><isCriticalSystemObject>true</isCriticalSystemObject><description>admin</description><iconUrl>http://localhost/admin</iconUrl><name>admin</name><displayName>admin</displayName><disabled>false</disabled></createdBy><updatedBy><id>90d96588360da0c701360da0f1d600a1</id><objectId>90d96588360da0c701360da0f1d600a1</objectId><isCriticalSystemObject>true</isCriticalSystemObject><description>admin</description><iconUrl>http://localhost/admin</iconUrl><name>admin</name><displayName>admin</displayName><disabled>false</disabled></updatedBy><value>c498e34c-72e1-4c4e-9b33-d24051419fa1</value><orderIndex>-1</orderIndex></values><maxOccurs>1</maxOccurs><minOccurs>0</minOccurs><orderIndex>-1</orderIndex><confidential>false</confidential><encrypted>false</encrypted><consumerReadOnly>false</consumerReadOnly><consumerVisible>false</consumerVisible><measurable>false</measurable></property><property><id>8a8187814db77a97014db92d6ed90283</id><objectId>8a8187814db77a97014db92d6ed90283</objectId><createdOn>2015-06-03T16:57:52.027+05:30</createdOn><updatedOn>2015-06-03T17:19:43.803+05:30</updatedOn><createdBy><id>90d96588360da0c701360da0f1d600a1</id><objectId>90d96588360da0c701360da0f1d600a1</objectId><isCriticalSystemObject>true</isCriticalSystemObject><description>admin</description><iconUrl>http://localhost/admin</iconUrl><name>admin</name><displayName>admin</displayName><disabled>false</disabled></createdBy><updatedBy><id>90d96588360da0c701360da0f1d600a1</id><objectId>90d96588360da0c701360da0f1d600a1</objectId><isCriticalSystemObject>true</isCriticalSystemObject><description>admin</description><iconUrl>http://localhost/admin</iconUrl><name>admin</name><displayName>admin</displayName><disabled>false</disabled></updatedBy><isCriticalSystemObject>false</isCriticalSystemObject><name>published</name><valueType><id>90d96588360da0c701360da0efa5004f</id><objectId>90d96588360da0c701360da0efa5004f</objectId><createdOn>2015-06-02T21:56:07.310+05:30</createdOn><isCriticalSystemObject>true</isCriticalSystemObject><description>Boolean</description><iconUrl>/csa/images/categories/value_type/boolean.png</iconUrl><name>BOOLEAN</name><displayName>Boolean</displayName><disabled>false</disabled><categoryType><id>90d96588360da0c701360da0efa0004e</id><objectId>90d96588360da0c701360da0efa0004e</objectId><isCriticalSystemObject>true</isCriticalSystemObject><description>Value Type</description><name>VALUE_TYPE</name><displayName>Value Type</displayName><extensible>false</extensible></categoryType></valueType><values><id>8a8187814db77a97014db92d6eda0286</id><createdOn>2015-06-03T16:57:52.027+05:30</createdOn><updatedOn>2015-06-03T17:19:43.803+05:30</updatedOn><createdBy><id>90d96588360da0c701360da0f1d600a1</id><objectId>90d96588360da0c701360da0f1d600a1</objectId><isCriticalSystemObject>true</isCriticalSystemObject><description>admin</description><iconUrl>http://localhost/admin</iconUrl><name>admin</name><displayName>admin</displayName><disabled>false</disabled></createdBy><updatedBy><id>90d96588360da0c701360da0f1d600a1</id><objectId>90d96588360da0c701360da0f1d600a1</objectId><isCriticalSystemObject>true</isCriticalSystemObject><description>admin</description><iconUrl>http://localhost/admin</iconUrl><name>admin</name><displayName>admin</displayName><disabled>false</disabled></updatedBy><value>false</value><orderIndex>-1</orderIndex></values><maxOccurs>1</maxOccurs><minOccurs>0</minOccurs><orderIndex>-1</orderIndex><confidential>false</confidential><encrypted>false</encrypted><consumerReadOnly>false</consumerReadOnly><consumerVisible>false</consumerVisible><measurable>false</measurable></property><state><id>90d96588360da0c701360da0ef470038</id><objectId>90d96588360da0c701360da0ef470038</objectId><createdOn>2015-06-02T21:56:07.277+05:30</createdOn><isCriticalSystemObject>true</isCriticalSystemObject><description>Active</description><iconUrl>/csa/images/categories/artifact_state/active.png</iconUrl><name>ACTIVE</name><displayName>Active</displayName><disabled>false</disabled><categoryType><id>90d96588360da0c701360da0ef420037</id><objectId>90d96588360da0c701360da0ef420037</objectId><isCriticalSystemObject>true</isCriticalSystemObject><description>Artifact State</description><name>ARTIFACT_STATE</name><displayName>Artifact State</displayName><extensible>false</extensible></categoryType></state><artifactType><id>90d96588360da0c701360da0eec8001a</id><objectId>90d96588360da0c701360da0eec8001a</objectId><createdOn>2015-06-02T21:56:07.490+05:30</createdOn><isCriticalSystemObject>true</isCriticalSystemObject><description>Service Component</description><iconUrl>/csa/images/categories/artifact_type/service_component.png</iconUrl><name>SERVICE_COMPONENT</name><displayName>Service Component</displayName><disabled>false</disabled><categoryType><id>90d96588360da0c701360da0eeb40017</id><objectId>90d96588360da0c701360da0eeb40017</objectId><isCriticalSystemObject>true</isCriticalSystemObject><description>Artifact Type</description><name>ARTIFACT_TYPE</name><displayName>Artifact Type</displayName><extensible>false</extensible></categoryType></artifactType><ownedBy><id>90d96588360da0c701360da0f15b009e</id><objectId>90d96588360da0c701360da0f15b009e</objectId><isCriticalSystemObject>true</isCriticalSystemObject><description>Provider Organization</description><name>CSA-Provider</name><displayName>Provider</displayName><disabled>false</disabled></ownedBy><disabled>false</disabled><isOutOfSync>false</isOutOfSync><derivedFrom xmlns:xsi="http://www.w3.org/2001/XMLSchema-instance" xsi:type="serviceComponentVO"><id>90d96588360da0c701360da0f20d00ad</id><objectId>90d96588360da0c701360da0f20d00ad</objectId><isCriticalSystemObject>true</isCriticalSystemObject><description>The root component of a service design and represents all the service components HP CSA needs to realize the infrastructure and applications required for the service.</description><iconUrl>/csa/images/categories/component_type/service_composite.png</iconUrl><name>SERVICE_COMPOSITE</name><displayName>Service Composite</displayName><disabled>false</disabled><pattern>false</pattern><licensable>false</licensable><createdFromPattern>false</createdFromPattern><toFinalize>false</toFinalize><consumerVisible>true</consumerVisible></derivedFrom><lifecycleProperties><id>8a8187814db77a97014db92d6c450272</id><createdOn>2015-06-03T16:57:51.367+05:30</createdOn><updatedOn>2015-06-03T17:19:43.803+05:30</updatedOn><createdBy><id>90d96588360da0c701360da0f1d600a1</id><objectId>90d96588360da0c701360da0f1d600a1</objectId><isCriticalSystemObject>true</isCriticalSystemObject><description>admin</description><iconUrl>http://localhost/admin</iconUrl><name>admin</name><displayName>admin</displayName><disabled>false</disabled></createdBy><updatedBy><id>90d96588360da0c701360da0f1d600a1</id><objectId>90d96588360da0c701360da0f1d600a1</objectId><isCriticalSystemObject>true</isCriticalSystemObject><description>admin</description><iconUrl>http://localhost/admin</iconUrl><name>admin</name><displayName>admin</displayName><disabled>false</disabled></updatedBy><lifecycleComponentOrder>1</lifecycleComponentOrder><lifecycleState><id>90d96588360da0c701360da0f22000b2</id><objectId>90d96588360da0c701360da0f22000b2</objectId><createdOn>2015-06-02T21:56:07.453+05:30</createdOn><isCriticalSystemObject>true</isCriticalSystemObject><description>Described</description><iconUrl>/csa/images/categories/lifecycle_state/described.png</iconUrl><name>DESCRIBED</name><displayName>Described</displayName><disabled>false</disabled><categoryType><id>90d96588360da0c701360da0f21300ae</id><objectId>90d96588360da0c701360da0f21300ae</objectId><isCriticalSystemObject>true</isCriticalSystemObject><description>Lifecycle State</description><name>LIFECYCLE_STATE</name><displayName>Lifecycle State</displayName><extensible>false</extensible></categoryType></lifecycleState><lifecycleSubstate><id>90d96588360da0c701360da0f24200bd</id><objectId>90d96588360da0c701360da0f24200bd</objectId><createdOn>2015-06-02T21:56:07.463+05:30</createdOn><isCriticalSystemObject>true</isCriticalSystemObject><description>Pre Transition</description><iconUrl>/csa/images/categories/lifecycle_substate/pre_transition.png</iconUrl><name>PRE_TRANSITION</name><displayName>Pre Transition</displayName><disabled>false</disabled><categoryType><id>90d96588360da0c701360da0f23e00bc</id><objectId>90d96588360da0c701360da0f23e00bc</objectId><isCriticalSystemObject>true</isCriticalSystemObject><description>Lifecycle Substate</description><name>LIFECYCLE_SUBSTATE</name><displayName>Lifecycle Substate</displayName><extensible>false</extensible></categoryType></lifecycleSubstate><paused>false</paused></lifecycleProperties><componentType><id>90d96588360da0c701360da0f20d00ad</id><objectId>90d96588360da0c701360da0f20d00ad</objectId><createdOn>2015-06-02T21:56:07.447+05:30</createdOn><isCriticalSystemObject>true</isCriticalSystemObject><description>The root component of a service design and represents all the service components HP CSA needs to realize the infrastructure and applications required for the service.</description><detailedDescription>Service Composite</detailedDescription><iconUrl>/csa/images/categories/component_type/service_composite.png</iconUrl><name>SERVICE_COMPOSITE</name><displayName>Service Composite</displayName><disabled>false</disabled><categoryType><id>90d96588360da0c701360da0f1fa00a7</id><objectId>90d96588360da0c701360da0f1fa00a7</objectId><isCriticalSystemObject>true</isCriticalSystemObject><description>Component Type</description><name>COMPONENT_TYPE</name><displayName>Component Type</displayName><extensible>true</extensible></categoryType></componentType><pattern>false</pattern><licensable>false</licensable><createdFromPattern>false</createdFromPattern><toFinalize>false</toFinalize><consumerVisible>true</consumerVisible></componentRoot><sourceType><id>BD0BC4E6C79FDEB2E04059106D1A5B6A</id><objectId>BD0BC4E6C79FDEB2E04059106D1A5B6A</objectId><createdOn>2015-06-02T21:56:07.790+05:30</createdOn><isCriticalSystemObject>true</isCriticalSystemObject><description>This design was created and is managed by HP CSA.</description><iconUrl>/csa/images/categories/sourcetype/internal.png</iconUrl><name>INTERNAL</name><displayName>HP CSA</displayName><disabled>false</disabled><categoryType><id>BD0BC4E6C79BDEB2E04059106D1A5B4E</id><objectId>BD0BC4E6C79BDEB2E04059106D1A5B4E</objectId><isCriticalSystemObject>false</isCriticalSystemObject><description>Source Type</description><name>SOURCE_TYPE</name><displayName>Source Type</displayName><extensible>true</extensible></categoryType></sourceType><serviceDesignerExperienceType><id>90cec76e3fd3cff2013fd3d066f306bf</id><objectId>90cec76e3fd3cff2013fd3d066f306bf</objectId><createdOn>2015-06-02T21:56:08.110+05:30</createdOn><isCriticalSystemObject>true</isCriticalSystemObject><description>Topology based designer experience</description><iconUrl></iconUrl><name>TOPOLOGY_BASED</name><displayName>Topology Based</displayName><disabled>false</disabled><categoryType><id>90cec76e3fd3ce38013fd3cea5bf081a</id><objectId>90cec76e3fd3ce38013fd3cea5bf081a</objectId><isCriticalSystemObject>false</isCriticalSystemObject><description>Service Designer Experience Type</description><name>SERVICE_DESIGNER_EXPER_TYPE</name><displayName>Service Designer Experience Type</displayName><extensible>true</extensible></categoryType></serviceDesignerExperienceType><containerId>8a8187814db77a97014db92d6ba90271</containerId><version>1.50.00</version><valid>false</valid><published>false</published></ServiceBlueprint>