<Topology _type="Topology">
  <id>c498e34c-72e1-4c4e-9b33-d24051419fa1</id>
  <groupId>com.hp.csa</groupId>
  <artifactId>8a8187814db77a97014db92d6ba90271</artifactId>
  <version>1.50.00</version>
  <description>A MySQL microservice which can be used to deploy partial PetClinic Application with scalable stack design</description>
  <resources>
    <id>MySQL_Database_20509e36_558f_4502_ba03_f76f5d879afb_f21f3034d7ea4431981b737d81ce6299__VERSION__1__GROUPID__com.hp.csa.type0001</id>
    <name>MySQL</name>
    <componentType>
      <groupId>com.hp.csa.type</groupId>
      <artifactId>MySQL_Database_20509e36_558f_4502_ba03_f76f5d879afb_f21f3034d7ea4431981b737d81ce6299</artifactId>
      <version>1</version>
    </componentType>
    <properties>
      <configurationUrl>
        <value/>
        <type>string</type>
      </configurationUrl>
      <sshPort>
        <value>22</value>
        <type>string</type>
      </sshPort>
      <installPath>
        <value/>
        <type>string</type>
      </installPath>
      <_modifiable_properties>
        <value/>
        <type>string</type>
      </_modifiable_properties>
      <type>
        <value/>
        <type>string</type>
      </type>
      <remoteFilePath>
        <value/>
        <type>string</type>
      </remoteFilePath>
      <Result>
        <value/>
        <type>string</type>
      </Result>
      <hostname>
        <value/>
        <type>string</type>
      </hostname>
      <password>
        <value/>
        <type>string</type>
      </password>
      <serviceCommand>
        <value/>
        <type>string</type>
      </serviceCommand>
      <_enable_modify_during_lifecycle_properties>
        <value/>
        <type>string</type>
      </_enable_modify_during_lifecycle_properties>
      <port>
        <value/>
        <type>string</type>
      </port>
      <response>
        <value/>
        <type>string</type>
      </response>
      <artifactPassword>
        <value/>
        <type>string</type>
      </artifactPassword>
      <artifactUrl>
        <value/>
        <type>string</type>
      </artifactUrl>
      <privatekeyPath>
        <value/>
        <type>string</type>
      </privatekeyPath>
      <artifactUsername>
        <value/>
        <type>string</type>
      </artifactUsername>
      <username>
        <value/>
        <type>string</type>
      </username>
    </properties>
    <outgoingRelations>
      <relationType>association</relationType>
      <id>c9e03413-c9b4-f1ab-d0f7-969e2561bf1e</id>
      <properties>
        <_enable_modify_during_lifecycle_properties>
          <value/>
          <type>string</type>
        </_enable_modify_during_lifecycle_properties>
        <_modifiable_properties>
          <value/>
          <type>string</type>
        </_modifiable_properties>
        <_relation_type>
          <value>
            <first>Association</first>
            <second>ASSOCIATION</second>
          </value>
          <type>pair</type>
        </_relation_type>
      </properties>
      <relationDescriptorName>installsOn_MySQL_Database_20509e36_558f_4502_ba03_f76f5d879afb_f21f3034d7ea4431981b737d81ce6299</relationDescriptorName>
      <topologyResource>
        <id>d7ccb110-b03e-df5a-c528-e4a2bfd90424</id>
      </topologyResource>
    </outgoingRelations>
    <tags>
      <uniqueName>
        <value>MySQL0001</value>
      </uniqueName>
      <displayName>
        <value>MySQL</value>
      </displayName>
      <x>
        <value>334</value>
      </x>
      <description>
        <value>
      </value>
      </description>
      <y>
        <value>78</value>
      </y>
    </tags>
  </resources>
  <resources>
    <id>d7ccb110-b03e-df5a-c528-e4a2bfd90424</id>
    <name>Database Sever</name>
    <componentType>
      <groupId>com.hp.csa.type</groupId>
      <artifactId>VcenterServerType</artifactId>
      <version>15.07.0000</version>
    </componentType>
    <properties>
      <customizationSpec>
        <value/>
        <type>string</type>
      </customizationSpec>
      <vmResourcePool>
        <value/>
        <type>string</type>
      </vmResourcePool>
      <vmID>
        <value/>
        <type>string</type>
      </vmID>
      <ipAddress>
        <value/>
        <type>string</type>
      </ipAddress>
      <hostSystem>
        <value/>
        <type>string</type>
      </hostSystem>
      <vmNamePrefix>
        <value/>
        <type>string</type>
      </vmNamePrefix>
      <ipAddressList>
        <value/>
        <type>string</type>
      </ipAddressList>
      <result>
        <value/>
        <type>string</type>
      </result>
      <privateKey>
        <value/>
        <type>string_encrypted</type>
      </privateKey>
      <hostname>
        <value/>
        <type>string</type>
      </hostname>
      <macAddress>
        <value/>
        <type>string</type>
      </macAddress>
      <password>
        <value/>
        <type>string_encrypted</type>
      </password>
      <memorySize>
        <value>512</value>
        <type>number</type>
      </memorySize>
      <vmFolder>
        <value/>
        <type>string</type>
      </vmFolder>
      <clusterName>
        <value/>
        <type>string</type>
      </clusterName>
      <vmTemplateReference>
        <value/>
        <type>string</type>
      </vmTemplateReference>
      <dataStore>
        <value/>
        <type>string</type>
      </dataStore>
      <vmState>
        <value/>
        <type>string</type>
      </vmState>
      <cpuCount>
        <value>2</value>
        <type>number</type>
      </cpuCount>
      <username>
        <value/>
        <type>string</type>
      </username>
    </properties>
    <tags>
      <uniqueName>
        <value>DatabaseSever0001</value>
      </uniqueName>
      <displayName>
        <value>Database Sever</value>
      </displayName>
      <x>
        <value>334</value>
      </x>
      <description>
        <value>vCenter Server</value>
      </description>
      <y>
        <value>248</value>
      </y>
    </tags>
  </resources>
  <displayName>MySQL Microservice</displayName>
  <revision>34</revision>
  <properties>
    <metamodelId>
      <value>test</value>
      <type>string</type>
    </metamodelId>
    <is_express>
      <value>false</value>
      <type>boolean</type>
    </is_express>
  </properties>
  <iconUrl>/csa/images/library/mysql.png</iconUrl>
  <tagIds>
    <tagIds>0c8ae53917c14e8f98a11e45eef386e0</tagIds>
    <tagIds>775566f589944c489c7caaaf91ce3e8d</tagIds>
    <tagIds>d22c213f7e644d1d8362b2830b2c93a9</tagIds>
    <tagIds>ede6b70286454f929d9566b8016f282e</tagIds>
  </tagIds>
  <tags>
    <serviceBlueprintId>
      <value>8a8187814db77a97014db92d6ed90282</value>
    </serviceBlueprintId>
    <providerType>
      <value>independent</value>
    </providerType>
  </tags>
  <createdOn>1433330871253</createdOn>
  <updatedOn>1433332184087</updatedOn>
  <state>UNLOCKED</state>
  <hidden>false</hidden>
  <bound>false</bound>
  <partial>false</partial>
</Topology>