<?xml version="1.0" encoding="UTF-8" standalone="yes"?><manifest><archiveItems><item>SERVICE_DESIGN_Two_Tier_Infrastructure_with_MySQL_and_scalable_To_8a8187814db77a97014db92669990212.xml</item><itemLocation>com.hp.csa.model.vo.service.ServiceBlueprintVO</itemLocation><itemType>com.hp.csa.model.vo.service.ServiceBlueprintVO</itemType></archiveItems><archiveItems><item>service_composite.png</item><itemLocation>\images\categories\component_type\service_composite.png</itemLocation><itemType>File</itemType></archiveItems><archiveItems><item>organizationDefault58.png</item><itemLocation>\images\library\organizationDefault58.png</itemLocation><itemType>File</itemType></archiveItems><archiveItems><item>default.png</item><itemLocation>\images\library\default.png</itemLocation><itemType>File</itemType></archiveItems><archiveItems><item>Servers_48.png</item><itemLocation>\images\library\Servers_48.png</itemLocation><itemType>File</itemType></archiveItems><archiveItems><item>COMPONENTTYPE_com.hp.csa.type_ApplicationServer_1.json</item><itemLocation>com.hp.csa.topology.model.ComponentType</itemLocation><itemType>com.hp.csa.topology.model.ComponentType</itemType></archiveItems><archiveItems><item>COMPONENTTYPE_com.hp.csa.type_Tomcat_Server_c2bc9714_19c3_488b_bdd0_37ee9544a21f_aade4fa90c4a4c8397d9a9bf4d141949_1.json</item><itemLocation>com.hp.csa.topology.model.ComponentType</itemLocation><itemType>com.hp.csa.topology.model.ComponentType</itemType></archiveItems><archiveItems><item>tomcat.png</item><itemLocation>/images//library/tomcat.png</itemLocation><itemType>File</itemType></archiveItems><archiveItems><item>COMPONENTTEMPLATE_com.hp.csa.template_Tomcat_Server_c2bc9714_19c3_488b_bdd0_37ee9544a21f_aade4fa90c4a4c8397d9a9bf4d141949_1.json</item><itemLocation>com.hp.csa.topology.model.ComponentTemplate</itemLocation><itemType>com.hp.csa.topology.model.ComponentTemplate</itemType></archiveItems><archiveItems><item>COMPONENTTYPE_com.hp.csa.type_DatabaseServer_1.json</item><itemLocation>com.hp.csa.topology.model.ComponentType</itemLocation><itemType>com.hp.csa.topology.model.ComponentType</itemType></archiveItems><archiveItems><item>COMPONENTTYPE_com.hp.csa.type_MySQL_Database_20509e36_558f_4502_ba03_f76f5d879afb_f21f3034d7ea4431981b737d81ce6299_1.json</item><itemLocation>com.hp.csa.topology.model.ComponentType</itemLocation><itemType>com.hp.csa.topology.model.ComponentType</itemType></archiveItems><archiveItems><item>mysql.png</item><itemLocation>/images//library/mysql.png</itemLocation><itemType>File</itemType></archiveItems><archiveItems><item>COMPONENTTEMPLATE_com.hp.csa.template_MySQL_Database_20509e36_558f_4502_ba03_f76f5d879afb_f21f3034d7ea4431981b737d81ce6299_1.json</item><itemLocation>com.hp.csa.topology.model.ComponentTemplate</itemLocation><itemType>com.hp.csa.topology.model.ComponentTemplate</itemType></archiveItems><archiveItems><item>COMPONENTTYPE_com.hp.csa.type_Server_1.json</item><itemLocation>com.hp.csa.topology.model.ComponentType</itemLocation><itemType>com.hp.csa.topology.model.ComponentType</itemType></archiveItems><archiveItems><item>COMPONENTTYPE_com.hp.csa.type_VcenterServerType_15.07.0000.json</item><itemLocation>com.hp.csa.topology.model.ComponentType</itemLocation><itemType>com.hp.csa.topology.model.ComponentType</itemType></archiveItems><archiveItems><item>COMPONENTTEMPLATE_com.hp.csa.type_VcenterServerTemplate_15.07.0000.json</item><itemLocation>com.hp.csa.topology.model.ComponentTemplate</itemLocation><itemType>com.hp.csa.topology.model.ComponentTemplate</itemType></archiveItems><archiveItems><item>COMPONENTTYPE_com.hp.csa.type.scalingGroup_ScalingGroupType_4eab898f-cc41-4a81-862f-840976d6dff6_1.json</item><itemLocation>com.hp.csa.topology.model.ComponentType</itemLocation><itemType>com.hp.csa.topology.model.ComponentType</itemType></archiveItems><archiveItems><item>COMPONENTTEMPLATE_com.hp.csa.template.scalingGroup_ScalingGroupTemplate_4eab898f-cc41-4a81-862f-840976d6dff6_1.json</item><itemLocation>com.hp.csa.topology.model.ComponentTemplate</itemLocation><itemType>com.hp.csa.topology.model.ComponentTemplate</itemType></archiveItems><archiveItems><item>TOPOLOGY_Two Tier Infrastructure with MySQL and scalable To_32e4d9f2-db1b-4273-982a-6a07fae977ab.xml</item><itemLocation>com.hp.csa.topology.model.Topology</itemLocation><itemType>com.hp.csa.topology.model.Topology</itemType></archiveItems><csaVersion>04.50.0000.0</csaVersion></manifest>