{
  "@type" : "ComponentType",
  "id" : "9fe842bb-515f-41e9-be9b-71f5f872a412",
  "groupId" : "com.hp.csa.type",
  "artifactId" : "Existing_Server_b9ce5335_9ba9_46b6_9591_ca18b73cabb6_e4595de7583849f29037184578e03cb8",
  "version" : "1",
  "abstract" : false,
  "capability" : false,
  "description" : "Existing Server Component",
  "actions" : [ {
    "name" : "deploy",
    "displayName" : "Deploy",
    "inputParameters" : [ {
      "name" : "HOST-FQDN",
      "displayName" : "HOST-FQDN",
      "required" : false,
      "confidential" : false,
      "displayNames" : {
        "en-US" : {
          "value" : "HOST-FQDN"
        }
      },
      "descriptions" : { },
      "type" : "string"
    }, {
      "name" : "IPADDRESS",
      "displayName" : "IPADDRESS",
      "required" : true,
      "confidential" : false,
      "displayNames" : {
        "en-US" : {
          "value" : "IPADDRESS"
        }
      },
      "descriptions" : { },
      "type" : "string"
    }, {
      "name" : "PASSWORD",
      "displayName" : "PASSWORD",
      "required" : false,
      "confidential" : true,
      "displayNames" : {
        "en-US" : {
          "value" : "PASSWORD"
        }
      },
      "descriptions" : { },
      "type" : "string"
    }, {
      "name" : "SSHPORT",
      "displayName" : "SSHPORT",
      "required" : false,
      "confidential" : false,
      "displayNames" : {
        "en-US" : {
          "value" : "SSHPORT"
        }
      },
      "descriptions" : { },
      "type" : "string"
    }, {
      "name" : "PRIVATEKEY",
      "displayName" : "PRIVATEKEY",
      "required" : false,
      "confidential" : false,
      "displayNames" : {
        "en-US" : {
          "value" : "PRIVATEKEY"
        }
      },
      "descriptions" : { },
      "type" : "string"
    }, {
      "name" : "TIMEOUT",
      "displayName" : "TIMEOUT",
      "required" : false,
      "confidential" : false,
      "displayNames" : {
        "en-US" : {
          "value" : "TIMEOUT"
        }
      },
      "descriptions" : { },
      "type" : "string"
    }, {
      "name" : "USERNAME",
      "displayName" : "USERNAME",
      "required" : false,
      "confidential" : false,
      "displayNames" : {
        "en-US" : {
          "value" : "USERNAME"
        }
      },
      "descriptions" : { },
      "type" : "string"
    } ],
    "outputParameters" : [ {
      "name" : "response",
      "displayName" : "response",
      "required" : false,
      "confidential" : false,
      "displayNames" : {
        "en-US" : {
          "value" : "response"
        }
      },
      "descriptions" : { },
      "type" : "string"
    }, {
      "name" : "Result",
      "displayName" : "Result",
      "required" : false,
      "confidential" : false,
      "displayNames" : {
        "en-US" : {
          "value" : "Result"
        }
      },
      "descriptions" : { },
      "type" : "string"
    }, {
      "name" : "INSTANCE-ID",
      "displayName" : "INSTANCE-ID",
      "required" : false,
      "confidential" : false,
      "displayNames" : {
        "en-US" : {
          "value" : "INSTANCE-ID"
        }
      },
      "descriptions" : { },
      "type" : "string"
    } ],
    "lifecycleAction" : "Deploy",
    "final" : false,
    "visible" : false,
    "displayNames" : {
      "en-US" : {
        "value" : "Deploy"
      }
    },
    "descriptions" : { }
  }, {
    "name" : "undeploy",
    "displayName" : "Undeploy",
    "inputParameters" : [ ],
    "outputParameters" : [ {
      "name" : "response",
      "displayName" : "response",
      "required" : false,
      "confidential" : false,
      "displayNames" : {
        "en-US" : {
          "value" : "response"
        }
      },
      "descriptions" : { },
      "type" : "string"
    }, {
      "name" : "Result",
      "displayName" : "Result",
      "required" : false,
      "confidential" : false,
      "displayNames" : {
        "en-US" : {
          "value" : "Result"
        }
      },
      "descriptions" : { },
      "type" : "string"
    } ],
    "lifecycleAction" : "Undeploy",
    "final" : false,
    "visible" : false,
    "displayNames" : {
      "en-US" : {
        "value" : "Undeploy"
      }
    },
    "descriptions" : { }
  } ],
  "relations" : [ ],
  "properties" : [ {
    "name" : "HOST-FQDN",
    "type" : "string",
    "minOccurs" : 0,
    "maxOccurs" : 1,
    "mode" : "INPUT_OUTPUT",
    "subProperties" : [ ],
    "displayName" : "HOST-FQDN",
    "confidential" : false,
    "tags" : {
      "{urn:x-hp:2013:software:ccue:designer:descriptor-schema}tabSet" : "VIEW,EDIT"
    },
    "consumerVisible" : true,
    "displayNames" : {
      "en-US" : {
        "value" : "HOST-FQDN"
      }
    },
    "descriptions" : { }
  }, {
    "name" : "IPADDRESS",
    "type" : "string",
    "minOccurs" : 1,
    "maxOccurs" : 1,
    "mode" : "INPUT_OUTPUT",
    "subProperties" : [ ],
    "displayName" : "IPADDRESS",
    "confidential" : false,
    "tags" : {
      "{urn:x-hp:2013:software:ccue:designer:descriptor-schema}tabSet" : "VIEW,EDIT"
    },
    "consumerVisible" : true,
    "displayNames" : {
      "en-US" : {
        "value" : "IPADDRESS"
      }
    },
    "descriptions" : { }
  }, {
    "name" : "PASSWORD",
    "type" : "string",
    "minOccurs" : 0,
    "maxOccurs" : 1,
    "mode" : "INPUT_OUTPUT",
    "defaultValue" : {
      "value" : null,
      "type" : "string_encrypted"
    },
    "subProperties" : [ ],
    "displayName" : "PASSWORD",
    "confidential" : true,
    "tags" : {
      "{urn:x-hp:2013:software:ccue:designer:descriptor-schema}tabSet" : "VIEW,EDIT"
    },
    "consumerVisible" : false,
    "displayNames" : {
      "en-US" : {
        "value" : "PASSWORD"
      }
    },
    "descriptions" : { }
  }, {
    "name" : "SSHPORT",
    "type" : "string",
    "minOccurs" : 0,
    "maxOccurs" : 1,
    "mode" : "INPUT_OUTPUT",
    "subProperties" : [ ],
    "displayName" : "SSHPORT",
    "confidential" : false,
    "tags" : {
      "{urn:x-hp:2013:software:ccue:designer:descriptor-schema}tabSet" : "VIEW,EDIT"
    },
    "consumerVisible" : true,
    "displayNames" : {
      "en-US" : {
        "value" : "SSHPORT"
      }
    },
    "descriptions" : { }
  }, {
    "name" : "PRIVATEKEY",
    "type" : "string",
    "minOccurs" : 0,
    "maxOccurs" : 1,
    "mode" : "INPUT_OUTPUT",
    "subProperties" : [ ],
    "displayName" : "PRIVATEKEY",
    "confidential" : false,
    "tags" : {
      "{urn:x-hp:2013:software:ccue:designer:descriptor-schema}tabSet" : "VIEW,EDIT",
      "{urn:x-hp:2013:software:ccue:designer:descriptor-schema}widget:VIEW" : "descriptionViewer",
      "maxLength" : "4000",
      "{urn:x-hp:2013:software:ccue:designer:descriptor-schema}widget:EDIT" : "multiLineStringEditor"
    },
    "consumerVisible" : true,
    "displayNames" : {
      "en-US" : {
        "value" : "PRIVATEKEY"
      }
    },
    "descriptions" : { }
  }, {
    "name" : "response",
    "type" : "string",
    "minOccurs" : 0,
    "maxOccurs" : 1,
    "mode" : "INPUT_OUTPUT",
    "subProperties" : [ ],
    "displayName" : "response",
    "confidential" : false,
    "tags" : {
      "{urn:x-hp:2013:software:ccue:designer:descriptor-schema}computed" : "true",
      "{urn:x-hp:2013:software:ccue:designer:descriptor-schema}hidden" : "true",
      "{urn:x-hp:2013:software:ccue:designer:descriptor-schema}tabSet" : "VIEW,EDIT"
    },
    "consumerVisible" : true,
    "displayNames" : {
      "en-US" : {
        "value" : "response"
      }
    },
    "descriptions" : { }
  }, {
    "name" : "Result",
    "type" : "string",
    "minOccurs" : 0,
    "maxOccurs" : 1,
    "mode" : "INPUT_OUTPUT",
    "subProperties" : [ ],
    "displayName" : "Result",
    "confidential" : false,
    "tags" : {
      "{urn:x-hp:2013:software:ccue:designer:descriptor-schema}computed" : "true",
      "{urn:x-hp:2013:software:ccue:designer:descriptor-schema}hidden" : "true",
      "{urn:x-hp:2013:software:ccue:designer:descriptor-schema}tabSet" : "VIEW,EDIT"
    },
    "consumerVisible" : true,
    "displayNames" : {
      "en-US" : {
        "value" : "Result"
      }
    },
    "descriptions" : { }
  }, {
    "name" : "TIMEOUT",
    "type" : "string",
    "minOccurs" : 0,
    "maxOccurs" : 1,
    "mode" : "INPUT_OUTPUT",
    "defaultValue" : {
      "value" : "90000",
      "type" : "string"
    },
    "subProperties" : [ ],
    "displayName" : "TIMEOUT",
    "confidential" : false,
    "tags" : {
      "{urn:x-hp:2013:software:ccue:designer:descriptor-schema}hidden" : "true",
      "{urn:x-hp:2013:software:ccue:designer:descriptor-schema}tabSet" : "VIEW,EDIT"
    },
    "consumerVisible" : true,
    "displayNames" : {
      "en-US" : {
        "value" : "TIMEOUT"
      }
    },
    "descriptions" : { }
  }, {
    "name" : "USERNAME",
    "type" : "string",
    "minOccurs" : 0,
    "maxOccurs" : 1,
    "mode" : "INPUT_OUTPUT",
    "subProperties" : [ ],
    "displayName" : "USERNAME",
    "confidential" : false,
    "tags" : {
      "{urn:x-hp:2013:software:ccue:designer:descriptor-schema}tabSet" : "VIEW,EDIT"
    },
    "consumerVisible" : true,
    "displayNames" : {
      "en-US" : {
        "value" : "USERNAME"
      }
    },
    "descriptions" : { }
  }, {
    "name" : "INSTANCE-ID",
    "type" : "string",
    "minOccurs" : 0,
    "maxOccurs" : 1,
    "mode" : "INPUT_OUTPUT",
    "subProperties" : [ ],
    "displayName" : "INSTANCE-ID",
    "confidential" : false,
    "tags" : {
      "{urn:x-hp:2013:software:ccue:designer:descriptor-schema}computed" : "true",
      "{urn:x-hp:2013:software:ccue:designer:descriptor-schema}hidden" : "true",
      "{urn:x-hp:2013:software:ccue:designer:descriptor-schema}tabSet" : "VIEW,EDIT"
    },
    "consumerVisible" : true,
    "displayNames" : {
      "en-US" : {
        "value" : "INSTANCE-ID"
      }
    },
    "descriptions" : { }
  } ],
  "displayName" : "Existing Server",
  "capabilities" : [ {
    "typeRef" : {
      "artifactId" : "Server",
      "groupId" : "com.hp.csa.type",
      "version" : "1"
    },
    "propertyMapping" : {
      "privateKey" : "PRIVATEKEY",
      "hostname" : "HOST-FQDN",
      "password" : "PASSWORD",
      "instanceId" : "INSTANCE-ID",
      "ipAddress" : "IPADDRESS",
      "username" : "USERNAME"
    },
    "capabilityCharacteristics" : [ ]
  } ],
  "characteristics" : [ ],
  "tagIds" : [ ],
  "revision" : 0,
  "resourceType" : "SERVER",
  "tags" : {
    "designer.name.uri" : "urn:x-hp:2013:software:ccue:designer:topology-metamodel:oo",
    "origin" : "embraced",
    "designer.name.localPart" : "Existing_Server_b9ce5335_9ba9_46b6_9591_ca18b73cabb6_e4595de7583849f29037184578e03cb8",
    "iconUrl" : "/csa/images/library/Server_RGB_blue_NT.png"
  },
  "final" : false,
  "displayNames" : {
    "en-US" : {
      "value" : "Existing Server"
    }
  },
  "descriptions" : {
    "en-US" : {
      "value" : "Existing Server Component"
    }
  }
}