{
  "@type" : "ComponentTemplate",
  "id" : "90417455-608d-4910-8b7f-88605de8800f",
  "artifactId" : "Existing_Server_b9ce5335_9ba9_46b6_9591_ca18b73cabb6_e4595de7583849f29037184578e03cb8",
  "groupId" : "com.hp.csa.template",
  "version" : "1",
  "displayName" : "Existing Server",
  "description" : "Existing Server Component",
  "implementedTypes" : [ {
    "componentId" : {
      "artifactId" : "Existing_Server_b9ce5335_9ba9_46b6_9591_ca18b73cabb6_e4595de7583849f29037184578e03cb8",
      "groupId" : "com.hp.csa.type",
      "version" : "1"
    },
    "constraints" : { }
  } ],
  "actions" : [ {
    "actionDescriptor" : {
      "name" : "deploy",
      "displayName" : "Deploy",
      "inputParameters" : [ {
        "name" : "HOST-FQDN",
        "displayName" : "HOST-FQDN",
        "required" : false,
        "confidential" : false,
        "displayNames" : {
          "en-US" : {
            "value" : "HOST-FQDN"
          }
        },
        "descriptions" : { },
        "type" : "string"
      }, {
        "name" : "IPADDRESS",
        "displayName" : "IPADDRESS",
        "required" : true,
        "confidential" : false,
        "displayNames" : {
          "en-US" : {
            "value" : "IPADDRESS"
          }
        },
        "descriptions" : { },
        "type" : "string"
      }, {
        "name" : "PASSWORD",
        "displayName" : "PASSWORD",
        "required" : false,
        "confidential" : true,
        "displayNames" : {
          "en-US" : {
            "value" : "PASSWORD"
          }
        },
        "descriptions" : { },
        "type" : "string"
      }, {
        "name" : "SSHPORT",
        "displayName" : "SSHPORT",
        "required" : false,
        "confidential" : false,
        "displayNames" : {
          "en-US" : {
            "value" : "SSHPORT"
          }
        },
        "descriptions" : { },
        "type" : "string"
      }, {
        "name" : "PRIVATEKEY",
        "displayName" : "PRIVATEKEY",
        "required" : false,
        "confidential" : false,
        "displayNames" : {
          "en-US" : {
            "value" : "PRIVATEKEY"
          }
        },
        "descriptions" : { },
        "type" : "string"
      }, {
        "name" : "TIMEOUT",
        "displayName" : "TIMEOUT",
        "required" : false,
        "confidential" : false,
        "displayNames" : {
          "en-US" : {
            "value" : "TIMEOUT"
          }
        },
        "descriptions" : { },
        "type" : "string"
      }, {
        "name" : "USERNAME",
        "displayName" : "USERNAME",
        "required" : false,
        "confidential" : false,
        "displayNames" : {
          "en-US" : {
            "value" : "USERNAME"
          }
        },
        "descriptions" : { },
        "type" : "string"
      } ],
      "outputParameters" : [ {
        "name" : "response",
        "displayName" : "response",
        "required" : false,
        "confidential" : false,
        "displayNames" : {
          "en-US" : {
            "value" : "response"
          }
        },
        "descriptions" : { },
        "type" : "string"
      }, {
        "name" : "Result",
        "displayName" : "Result",
        "required" : false,
        "confidential" : false,
        "displayNames" : {
          "en-US" : {
            "value" : "Result"
          }
        },
        "descriptions" : { },
        "type" : "string"
      }, {
        "name" : "INSTANCE-ID",
        "displayName" : "INSTANCE-ID",
        "required" : false,
        "confidential" : false,
        "displayNames" : {
          "en-US" : {
            "value" : "INSTANCE-ID"
          }
        },
        "descriptions" : { },
        "type" : "string"
      } ],
      "lifecycleAction" : "Deploy",
      "final" : false,
      "visible" : false,
      "displayNames" : {
        "en-US" : {
          "value" : "Deploy"
        }
      },
      "descriptions" : { }
    },
    "processEngineDescriptors" : [ {
      "processEngineId" : "HP_OO",
      "mapping" : {
        "input" : {
          "PASSWORD" : "@PROPERTY:PASSWORD",
          "HOST-FQDN" : "@PROPERTY:HOST-FQDN",
          "IPADDRESS" : "@PROPERTY:IPADDRESS",
          "USERNAME" : "@PROPERTY:USERNAME",
          "SSHPORT" : "@PROPERTY:SSHPORT",
          "PRIVATEKEY" : "@PROPERTY:PRIVATEKEY",
          "TIMEOUT" : "@PROPERTY:TIMEOUT"
        },
        "output" : {
          "response" : "@PROPERTY:response",
          "Result" : "@PROPERTY:Result"
        }
      },
      "executableId" : "848b1737-c798-4b9a-9310-915efa7915eb"
    } ]
  }, {
    "actionDescriptor" : {
      "name" : "undeploy",
      "displayName" : "Undeploy",
      "inputParameters" : [ ],
      "outputParameters" : [ {
        "name" : "response",
        "displayName" : "response",
        "required" : false,
        "confidential" : false,
        "displayNames" : {
          "en-US" : {
            "value" : "response"
          }
        },
        "descriptions" : { },
        "type" : "string"
      }, {
        "name" : "Result",
        "displayName" : "Result",
        "required" : false,
        "confidential" : false,
        "displayNames" : {
          "en-US" : {
            "value" : "Result"
          }
        },
        "descriptions" : { },
        "type" : "string"
      } ],
      "lifecycleAction" : "Undeploy",
      "final" : false,
      "visible" : false,
      "displayNames" : {
        "en-US" : {
          "value" : "Undeploy"
        }
      },
      "descriptions" : { }
    },
    "processEngineDescriptors" : [ {
      "processEngineId" : "HP_OO",
      "mapping" : {
        "input" : { },
        "output" : {
          "response" : "@PROPERTY:response",
          "Result" : "@PROPERTY:Result"
        }
      },
      "executableId" : "8af92e04-a6fd-405d-a423-90cac759c5a2"
    } ]
  } ],
  "relations" : [ ],
  "properties" : [ ],
  "revision" : 0,
  "resourceType" : "SERVER",
  "displayNames" : {
    "en-US" : {
      "value" : "Existing Server"
    }
  },
  "descriptions" : {
    "en-US" : {
      "value" : "Existing Server Component"
    }
  }
}