{
  "@type" : "ComponentType",
  "id" : "b183f792-136a-4d14-ad0f-4545033008a0",
  "groupId" : "com.hp.csa.type",
  "artifactId" : "New_PetDB_855ff95b_fde7_432e_b4dd_b7f7e8c2ba67_e6b6ca0914a34eec93438670d70e55e4",
  "version" : "1",
  "abstract" : false,
  "capability" : false,
  "description" : "Creates Pet Clinic Database on the database server",
  "actions" : [ {
    "name" : "deploy",
    "displayName" : "Deploy PetclinicDB",
    "inputParameters" : [ {
      "name" : "artifactpassword",
      "displayName" : "artifactpassword",
      "required" : false,
      "confidential" : true,
      "displayNames" : {
        "en-US" : {
          "value" : "artifactpassword"
        }
      },
      "descriptions" : { },
      "type" : "string"
    }, {
      "name" : "artifactusername",
      "displayName" : "artifactusername",
      "required" : false,
      "confidential" : false,
      "displayNames" : {
        "en-US" : {
          "value" : "artifactusername"
        }
      },
      "descriptions" : { },
      "type" : "string"
    }, {
      "name" : "configurationurl",
      "displayName" : "configurationurl",
      "required" : true,
      "confidential" : false,
      "displayNames" : {
        "en-US" : {
          "value" : "configurationurl"
        }
      },
      "descriptions" : { },
      "type" : "string"
    }, {
      "name" : "hostname",
      "displayName" : "hostname",
      "required" : true,
      "confidential" : false,
      "displayNames" : {
        "en-US" : {
          "value" : "hostname"
        }
      },
      "descriptions" : { },
      "type" : "string"
    }, {
      "name" : "mysqlpassword",
      "displayName" : "mysqlpassword",
      "required" : true,
      "confidential" : true,
      "displayNames" : {
        "en-US" : {
          "value" : "mysqlpassword"
        }
      },
      "descriptions" : { },
      "type" : "string"
    }, {
      "name" : "mysqlusername",
      "displayName" : "mysqlusername",
      "required" : true,
      "confidential" : false,
      "displayNames" : {
        "en-US" : {
          "value" : "mysqlusername"
        }
      },
      "descriptions" : { },
      "type" : "string"
    }, {
      "name" : "password",
      "displayName" : "password",
      "required" : true,
      "confidential" : true,
      "displayNames" : {
        "en-US" : {
          "value" : "password"
        }
      },
      "descriptions" : { },
      "type" : "string"
    }, {
      "name" : "port",
      "displayName" : "port",
      "required" : true,
      "confidential" : false,
      "displayNames" : {
        "en-US" : {
          "value" : "port"
        }
      },
      "descriptions" : { },
      "type" : "string"
    }, {
      "name" : "privatekeyPath",
      "displayName" : "privatekeyPath",
      "required" : false,
      "confidential" : false,
      "displayNames" : {
        "en-US" : {
          "value" : "privatekeyPath"
        }
      },
      "descriptions" : { },
      "type" : "string"
    }, {
      "name" : "remotefilepath",
      "displayName" : "remotefilepath",
      "required" : true,
      "confidential" : false,
      "displayNames" : {
        "en-US" : {
          "value" : "remotefilepath"
        }
      },
      "descriptions" : { },
      "type" : "string"
    }, {
      "name" : "servicecommand",
      "displayName" : "servicecommand",
      "required" : true,
      "confidential" : false,
      "displayNames" : {
        "en-US" : {
          "value" : "servicecommand"
        }
      },
      "descriptions" : { },
      "type" : "string"
    }, {
      "name" : "username",
      "displayName" : "username",
      "required" : true,
      "confidential" : false,
      "displayNames" : {
        "en-US" : {
          "value" : "username"
        }
      },
      "descriptions" : { },
      "type" : "string"
    } ],
    "outputParameters" : [ {
      "name" : "response",
      "displayName" : "response",
      "required" : false,
      "confidential" : false,
      "displayNames" : {
        "en-US" : {
          "value" : "response"
        }
      },
      "descriptions" : { },
      "type" : "string"
    }, {
      "name" : "hostname",
      "displayName" : "hostname",
      "required" : false,
      "confidential" : false,
      "displayNames" : {
        "en-US" : {
          "value" : "hostname"
        }
      },
      "descriptions" : { },
      "type" : "string"
    }, {
      "name" : "username",
      "displayName" : "username",
      "description" : "",
      "required" : false,
      "confidential" : false,
      "displayNames" : {
        "en-US" : {
          "value" : "username"
        }
      },
      "descriptions" : {
        "en-US" : {
          "value" : ""
        }
      },
      "type" : "string"
    }, {
      "name" : "password",
      "displayName" : "password",
      "required" : false,
      "confidential" : false,
      "displayNames" : {
        "en-US" : {
          "value" : "password"
        }
      },
      "descriptions" : { },
      "type" : "string"
    } ],
    "lifecycleAction" : "Deploy",
    "final" : false,
    "visible" : false,
    "displayNames" : {
      "en-US" : {
        "value" : "Deploy PetclinicDB"
      }
    },
    "descriptions" : { }
  } ],
  "relations" : [ {
    "name" : "configuresDb_New_PetDB_855ff95b_fde7_432e_b4dd_b7f7e8c2ba67_e6b6ca0914a34eec93438670d70e55e4",
    "relationType" : "association",
    "targetType" : {
      "componentId" : {
        "artifactId" : "DatabaseServer",
        "groupId" : "com.hp.csa.type",
        "version" : "1"
      },
      "constraints" : { }
    },
    "minOccursOnTarget" : 0,
    "maxOccursOnTarget" : 2147483647,
    "minOccursOnSource" : 1,
    "maxOccursOnSource" : 1,
    "properties" : [ ],
    "displayName" : "configuresDb",
    "displayNames" : {
      "en-US" : {
        "value" : "configuresDb"
      }
    },
    "descriptions" : { }
  } ],
  "properties" : [ {
    "name" : "artifactusername",
    "type" : "string",
    "minOccurs" : 0,
    "maxOccurs" : 1,
    "mode" : "INPUT_OUTPUT",
    "subProperties" : [ ],
    "displayName" : "artifactusername",
    "confidential" : false,
    "tags" : {
      "{urn:x-hp:2013:software:ccue:designer:descriptor-schema}tabSet" : "VIEW,EDIT",
      "maxLength" : "4000"
    },
    "consumerVisible" : true,
    "displayNames" : {
      "en-US" : {
        "value" : "artifactusername"
      }
    },
    "descriptions" : { }
  }, {
    "name" : "configurationurl",
    "type" : "string",
    "minOccurs" : 1,
    "maxOccurs" : 1,
    "mode" : "INPUT_OUTPUT",
    "subProperties" : [ ],
    "displayName" : "configurationurl",
    "confidential" : false,
    "tags" : {
      "{urn:x-hp:2013:software:ccue:designer:descriptor-schema}tabSet" : "VIEW,EDIT",
      "maxLength" : "4000"
    },
    "consumerVisible" : true,
    "displayNames" : {
      "en-US" : {
        "value" : "configurationurl"
      }
    },
    "descriptions" : { }
  }, {
    "name" : "hostname",
    "type" : "string",
    "minOccurs" : 1,
    "maxOccurs" : 1,
    "mode" : "INPUT_OUTPUT",
    "subProperties" : [ ],
    "displayName" : "hostname",
    "confidential" : false,
    "tags" : {
      "{urn:x-hp:2013:software:ccue:designer:descriptor-schema}hidden" : "true",
      "{urn:x-hp:2013:software:ccue:designer:descriptor-schema}tabSet" : "VIEW,EDIT",
      "maxLength" : "4000"
    },
    "consumerVisible" : true,
    "displayNames" : {
      "en-US" : {
        "value" : "hostname"
      }
    },
    "descriptions" : { }
  }, {
    "name" : "mysqlpassword",
    "type" : "string",
    "minOccurs" : 1,
    "maxOccurs" : 1,
    "mode" : "INPUT_OUTPUT",
    "subProperties" : [ ],
    "displayName" : "mysqlpassword",
    "confidential" : true,
    "tags" : {
      "{urn:x-hp:2013:software:ccue:designer:descriptor-schema}tabSet" : "VIEW,EDIT",
      "maxLength" : "4000"
    },
    "consumerVisible" : false,
    "displayNames" : {
      "en-US" : {
        "value" : "mysqlpassword"
      }
    },
    "descriptions" : { }
  }, {
    "name" : "mysqlusername",
    "type" : "string",
    "minOccurs" : 1,
    "maxOccurs" : 1,
    "mode" : "INPUT_OUTPUT",
    "subProperties" : [ ],
    "displayName" : "mysqlusername",
    "confidential" : false,
    "tags" : {
      "{urn:x-hp:2013:software:ccue:designer:descriptor-schema}tabSet" : "VIEW,EDIT",
      "maxLength" : "4000"
    },
    "consumerVisible" : true,
    "displayNames" : {
      "en-US" : {
        "value" : "mysqlusername"
      }
    },
    "descriptions" : { }
  }, {
    "name" : "password",
    "type" : "string",
    "minOccurs" : 1,
    "maxOccurs" : 1,
    "mode" : "INPUT_OUTPUT",
    "subProperties" : [ ],
    "displayName" : "password",
    "confidential" : true,
    "tags" : {
      "{urn:x-hp:2013:software:ccue:designer:descriptor-schema}hidden" : "true",
      "{urn:x-hp:2013:software:ccue:designer:descriptor-schema}tabSet" : "VIEW,EDIT",
      "maxLength" : "4000"
    },
    "consumerVisible" : false,
    "displayNames" : {
      "en-US" : {
        "value" : "password"
      }
    },
    "descriptions" : { }
  }, {
    "name" : "port",
    "type" : "string",
    "minOccurs" : 1,
    "maxOccurs" : 1,
    "mode" : "INPUT_OUTPUT",
    "defaultValue" : {
      "value" : "22",
      "type" : "string"
    },
    "subProperties" : [ ],
    "displayName" : "port",
    "confidential" : false,
    "tags" : {
      "{urn:x-hp:2013:software:ccue:designer:descriptor-schema}tabSet" : "VIEW,EDIT",
      "maxLength" : "4000"
    },
    "consumerVisible" : true,
    "displayNames" : {
      "en-US" : {
        "value" : "port"
      }
    },
    "descriptions" : { }
  }, {
    "name" : "privatekeyPath",
    "type" : "string",
    "minOccurs" : 0,
    "maxOccurs" : 1,
    "mode" : "INPUT_OUTPUT",
    "subProperties" : [ ],
    "displayName" : "privatekeyPath",
    "confidential" : false,
    "tags" : {
      "{urn:x-hp:2013:software:ccue:designer:descriptor-schema}tabSet" : "VIEW,EDIT",
      "maxLength" : "4000"
    },
    "consumerVisible" : true,
    "displayNames" : {
      "en-US" : {
        "value" : "privatekeyPath"
      }
    },
    "descriptions" : { }
  }, {
    "name" : "remotefilepath",
    "type" : "string",
    "minOccurs" : 1,
    "maxOccurs" : 1,
    "mode" : "INPUT_OUTPUT",
    "subProperties" : [ ],
    "displayName" : "remotefilepath",
    "confidential" : false,
    "tags" : {
      "{urn:x-hp:2013:software:ccue:designer:descriptor-schema}tabSet" : "VIEW,EDIT",
      "maxLength" : "4000"
    },
    "consumerVisible" : true,
    "displayNames" : {
      "en-US" : {
        "value" : "remotefilepath"
      }
    },
    "descriptions" : { }
  }, {
    "name" : "response",
    "type" : "string",
    "minOccurs" : 0,
    "maxOccurs" : 1,
    "mode" : "INPUT_OUTPUT",
    "subProperties" : [ ],
    "displayName" : "response",
    "confidential" : false,
    "tags" : {
      "{urn:x-hp:2013:software:ccue:designer:descriptor-schema}computed" : "true",
      "{urn:x-hp:2013:software:ccue:designer:descriptor-schema}hidden" : "true",
      "{urn:x-hp:2013:software:ccue:designer:descriptor-schema}tabSet" : "VIEW,EDIT",
      "maxLength" : "4000"
    },
    "consumerVisible" : true,
    "displayNames" : {
      "en-US" : {
        "value" : "response"
      }
    },
    "descriptions" : { }
  }, {
    "name" : "servicecommand",
    "type" : "string",
    "minOccurs" : 1,
    "maxOccurs" : 1,
    "mode" : "INPUT_OUTPUT",
    "subProperties" : [ ],
    "displayName" : "servicecommand",
    "confidential" : false,
    "tags" : {
      "{urn:x-hp:2013:software:ccue:designer:descriptor-schema}tabSet" : "VIEW,EDIT",
      "maxLength" : "4000"
    },
    "consumerVisible" : true,
    "displayNames" : {
      "en-US" : {
        "value" : "servicecommand"
      }
    },
    "descriptions" : { }
  }, {
    "name" : "username",
    "type" : "string",
    "minOccurs" : 1,
    "maxOccurs" : 1,
    "mode" : "INPUT_OUTPUT",
    "subProperties" : [ ],
    "displayName" : "username",
    "confidential" : false,
    "tags" : {
      "{urn:x-hp:2013:software:ccue:designer:descriptor-schema}hidden" : "true",
      "{urn:x-hp:2013:software:ccue:designer:descriptor-schema}tabSet" : "VIEW,EDIT",
      "maxLength" : "4000"
    },
    "consumerVisible" : true,
    "displayNames" : {
      "en-US" : {
        "value" : "username"
      }
    },
    "descriptions" : { }
  }, {
    "name" : "artifactpassword",
    "type" : "string",
    "minOccurs" : 0,
    "maxOccurs" : 1,
    "mode" : "INPUT_OUTPUT",
    "defaultValue" : {
      "value" : "ENC(/u7Dc5cp9TRoV33AIeUx9Q==)",
      "type" : "string_encrypted"
    },
    "subProperties" : [ ],
    "displayName" : "artifactpassword",
    "confidential" : true,
    "tags" : {
      "{urn:x-hp:2013:software:ccue:designer:descriptor-schema}tabSet" : "VIEW,EDIT",
      "maxLength" : "4000"
    },
    "consumerVisible" : true,
    "displayNames" : {
      "en-US" : {
        "value" : "artifactpassword"
      }
    },
    "descriptions" : { }
  } ],
  "displayName" : "PetClinic DB Conf",
  "capabilities" : [ ],
  "characteristics" : [ ],
  "tagIds" : [ ],
  "revision" : 4,
  "resourceType" : "OO_COMPONENT",
  "tags" : {
    "designer.name.uri" : "urn:x-hp:2013:software:ccue:designer:topology-metamodel:oo",
    "origin" : "embraced",
    "designer.name.localPart" : "New_PetDB_855ff95b_fde7_432e_b4dd_b7f7e8c2ba67_e6b6ca0914a34eec93438670d70e55e4",
    "iconUrl" : "/csa/api/blobstore/Tools1.png?tag=library"
  },
  "final" : false,
  "displayNames" : {
    "en-US" : {
      "value" : "PetClinic DB Conf"
    }
  },
  "descriptions" : {
    "en-US" : {
      "value" : "Creates Pet Clinic Database on the database server"
    }
  }
}