<Topology _type="Topology">
  <id>f78a358e-28d0-4690-95ee-644697765bcb</id>
  <groupId>com.hp.csa</groupId>
  <artifactId>8a8186da4dd6c917014dd6d3392b01cf</artifactId>
  <version>1.50.00</version>
  <description>A two-tier PetClinic Application with Database component installed on MySQL and Application component on Tomcat Server. These components are deployed on Existing Servers.</description>
  <resources>
    <id>ad53c4fb-fcbb-6422-af6e-432d27ecddc1</id>
    <name>Existing Server</name>
    <componentType>
      <groupId>com.hp.csa.type</groupId>
      <artifactId>Existing_Server_b9ce5335_9ba9_46b6_9591_ca18b73cabb6_e4595de7583849f29037184578e03cb8</artifactId>
      <version>1</version>
    </componentType>
    <properties>
      <PASSWORD>
        <value/>
        <type>string_encrypted</type>
      </PASSWORD>
      <_enable_modify_during_lifecycle_properties>
        <value/>
        <type>string</type>
      </_enable_modify_during_lifecycle_properties>
      <response>
        <value/>
        <type>string</type>
      </response>
      <_modifiable_properties>
        <value/>
        <type>string</type>
      </_modifiable_properties>
      <HOST-FQDN>
        <value/>
        <type>string</type>
      </HOST-FQDN>
      <IPADDRESS>
        <value/>
        <type>string</type>
      </IPADDRESS>
      <USERNAME>
        <value/>
        <type>string</type>
      </USERNAME>
      <INSTANCE-ID>
        <value/>
        <type>string</type>
      </INSTANCE-ID>
      <SSHPORT>
        <value/>
        <type>string</type>
      </SSHPORT>
      <PRIVATEKEY>
        <value/>
        <type>string</type>
      </PRIVATEKEY>
      <TIMEOUT>
        <value>90000</value>
        <type>string</type>
      </TIMEOUT>
      <Result>
        <value/>
        <type>string</type>
      </Result>
    </properties>
    <tags>
      <uniqueName>
        <value>ExistingServer0001</value>
      </uniqueName>
      <displayName>
        <value>Existing Server</value>
      </displayName>
      <x>
        <value>707</value>
      </x>
      <description>
        <value>Existing Server Component</value>
      </description>
      <y>
        <value>375</value>
      </y>
    </tags>
  </resources>
  <resources>
    <id>e293d1f8-46e5-4e2a-258d-c61772360db3</id>
    <name>Tomcat Application Server</name>
    <componentType>
      <groupId>com.hp.csa.type</groupId>
      <artifactId>Tomcat_Server_c2bc9714_19c3_488b_bdd0_37ee9544a21f_aade4fa90c4a4c8397d9a9bf4d141949</artifactId>
      <version>1</version>
    </componentType>
    <properties>
      <configurationUrl>
        <value/>
        <type>string</type>
      </configurationUrl>
      <sshPort>
        <value>22</value>
        <type>string</type>
      </sshPort>
      <installPath>
        <value/>
        <type>string</type>
      </installPath>
      <appProtocol>
        <value/>
        <type>string</type>
      </appProtocol>
      <_modifiable_properties>
        <value/>
        <type>string</type>
      </_modifiable_properties>
      <appPort>
        <value/>
        <type>string</type>
      </appPort>
      <remoteFilePath>
        <value>/tmp/</value>
        <type>string</type>
      </remoteFilePath>
      <Result>
        <value/>
        <type>string</type>
      </Result>
      <hostname>
        <value/>
        <type>string</type>
      </hostname>
      <password>
        <value/>
        <type>string_encrypted</type>
      </password>
      <serviceCommand>
        <value/>
        <type>string</type>
      </serviceCommand>
      <_enable_modify_during_lifecycle_properties>
        <value/>
        <type>string</type>
      </_enable_modify_during_lifecycle_properties>
      <port>
        <value/>
        <type>string</type>
      </port>
      <response>
        <value/>
        <type>string</type>
      </response>
      <artifactPassword>
        <value/>
        <type>string_encrypted</type>
      </artifactPassword>
      <artifactUrl>
        <value/>
        <type>string</type>
      </artifactUrl>
      <privatekeyPath>
        <value/>
        <type>string</type>
      </privatekeyPath>
      <artifactUsername>
        <value/>
        <type>string</type>
      </artifactUsername>
      <username>
        <value/>
        <type>string</type>
      </username>
    </properties>
    <outgoingRelations>
      <relationType>association</relationType>
      <id>92a9a41a-19be-9cb0-ffaa-9cb7f0d138eb</id>
      <properties>
        <_enable_modify_during_lifecycle_properties>
          <value/>
          <type>string</type>
        </_enable_modify_during_lifecycle_properties>
        <_modifiable_properties>
          <value/>
          <type>string</type>
        </_modifiable_properties>
        <_relation_type>
          <value>
            <first>Association</first>
            <second>ASSOCIATION</second>
          </value>
          <type>pair</type>
        </_relation_type>
      </properties>
      <relationDescriptorName>installsOn_Tomcat_Server_c2bc9714_19c3_488b_bdd0_37ee9544a21f_aade4fa90c4a4c8397d9a9bf4d141949</relationDescriptorName>
      <topologyResource>
        <id>ad53c4fb-fcbb-6422-af6e-432d27ecddc1</id>
      </topologyResource>
    </outgoingRelations>
    <tags>
      <uniqueName>
        <value>TomcatApplicatio0001</value>
      </uniqueName>
      <displayName>
        <value>Tomcat Application Server</value>
      </displayName>
      <x>
        <value>704</value>
      </x>
      <description>
        <value>Apache Tomcat Application Server</value>
      </description>
      <y>
        <value>234</value>
      </y>
    </tags>
  </resources>
  <resources>
    <id>01a77e8e-3578-ec61-2663-d192034b25e2</id>
    <name>PetClinic DB Conf</name>
    <componentType>
      <groupId>com.hp.csa.type</groupId>
      <artifactId>New_PetDB_855ff95b_fde7_432e_b4dd_b7f7e8c2ba67_e6b6ca0914a34eec93438670d70e55e4</artifactId>
      <version>1</version>
    </componentType>
    <properties>
      <configurationurl>
        <value/>
        <type>string</type>
      </configurationurl>
      <mysqlusername>
        <value/>
        <type>string</type>
      </mysqlusername>
      <_modifiable_properties>
        <value/>
        <type>string</type>
      </_modifiable_properties>
      <mysqlpassword>
        <value/>
        <type>string_encrypted</type>
      </mysqlpassword>
      <artifactusername>
        <value/>
        <type>string</type>
      </artifactusername>
      <hostname>
        <value/>
        <type>string</type>
      </hostname>
      <password>
        <value/>
        <type>string_encrypted</type>
      </password>
      <artifactpassword>
        <value/>
        <type>string</type>
      </artifactpassword>
      <_enable_modify_during_lifecycle_properties>
        <value/>
        <type>string</type>
      </_enable_modify_during_lifecycle_properties>
      <port>
        <value>22</value>
        <type>string</type>
      </port>
      <response>
        <value/>
        <type>string</type>
      </response>
      <privatekeyPath>
        <value/>
        <type>string</type>
      </privatekeyPath>
      <remotefilepath>
        <value>/tmp/</value>
        <type>string</type>
      </remotefilepath>
      <servicecommand>
        <value/>
        <type>string</type>
      </servicecommand>
      <username>
        <value/>
        <type>string</type>
      </username>
    </properties>
    <outgoingRelations>
      <relationType>association</relationType>
      <id>41c13ceb-8111-2c10-7262-fe3b7ed1e9bf</id>
      <properties>
        <_enable_modify_during_lifecycle_properties>
          <value/>
          <type>string</type>
        </_enable_modify_during_lifecycle_properties>
        <_modifiable_properties>
          <value/>
          <type>string</type>
        </_modifiable_properties>
        <_relation_type>
          <value>
            <first>Association</first>
            <second>ASSOCIATION</second>
          </value>
          <type>pair</type>
        </_relation_type>
      </properties>
      <relationDescriptorName>configuresDb_New_PetDB_855ff95b_fde7_432e_b4dd_b7f7e8c2ba67_e6b6ca0914a34eec93438670d70e55e4</relationDescriptorName>
      <topologyResource>
        <id>f4bc9e42-4fb0-892a-81f8-ce4c9069fbdf</id>
      </topologyResource>
    </outgoingRelations>
    <tags>
      <uniqueName>
        <value>PetClinicDBConf0001</value>
      </uniqueName>
      <displayName>
        <value>PetClinic DB Conf</value>
      </displayName>
      <x>
        <value>431</value>
      </x>
      <description>
        <value>Creates Pet Clinic Database on the database server</value>
      </description>
      <y>
        <value>75</value>
      </y>
    </tags>
  </resources>
  <resources>
    <id>f4bc9e42-4fb0-892a-81f8-ce4c9069fbdf</id>
    <name>MySQL Database</name>
    <componentType>
      <groupId>com.hp.csa.type</groupId>
      <artifactId>MySQL_Database_20509e36_558f_4502_ba03_f76f5d879afb_f21f3034d7ea4431981b737d81ce6299</artifactId>
      <version>1</version>
    </componentType>
    <properties>
      <configurationUrl>
        <value/>
        <type>string</type>
      </configurationUrl>
      <sshPort>
        <value>22</value>
        <type>string</type>
      </sshPort>
      <installPath>
        <value/>
        <type>string</type>
      </installPath>
      <_modifiable_properties>
        <value/>
        <type>string</type>
      </_modifiable_properties>
      <type>
        <value/>
        <type>string</type>
      </type>
      <remoteFilePath>
        <value>/tmp/</value>
        <type>string</type>
      </remoteFilePath>
      <Result>
        <value/>
        <type>string</type>
      </Result>
      <hostname>
        <value/>
        <type>string</type>
      </hostname>
      <password>
        <value/>
        <type>string_encrypted</type>
      </password>
      <serviceCommand>
        <value/>
        <type>string</type>
      </serviceCommand>
      <_enable_modify_during_lifecycle_properties>
        <value/>
        <type>string</type>
      </_enable_modify_during_lifecycle_properties>
      <port>
        <value/>
        <type>string</type>
      </port>
      <response>
        <value/>
        <type>string</type>
      </response>
      <artifactPassword>
        <value/>
        <type>string_encrypted</type>
      </artifactPassword>
      <artifactUrl>
        <value/>
        <type>string</type>
      </artifactUrl>
      <privatekeyPath>
        <value/>
        <type>string</type>
      </privatekeyPath>
      <artifactUsername>
        <value/>
        <type>string</type>
      </artifactUsername>
      <username>
        <value/>
        <type>string</type>
      </username>
    </properties>
    <outgoingRelations>
      <relationType>association</relationType>
      <id>2682cf5e-b1a1-3062-c557-fb29a1c5e414</id>
      <properties>
        <_enable_modify_during_lifecycle_properties>
          <value/>
          <type>string</type>
        </_enable_modify_during_lifecycle_properties>
        <_modifiable_properties>
          <value/>
          <type>string</type>
        </_modifiable_properties>
        <_relation_type>
          <value>
            <first>Association</first>
            <second>ASSOCIATION</second>
          </value>
          <type>pair</type>
        </_relation_type>
      </properties>
      <relationDescriptorName>installsOn_MySQL_Database_20509e36_558f_4502_ba03_f76f5d879afb_f21f3034d7ea4431981b737d81ce6299</relationDescriptorName>
      <topologyResource>
        <id>dd6f1ef1-c545-74be-6145-7aed94809039</id>
      </topologyResource>
    </outgoingRelations>
    <tags>
      <uniqueName>
        <value>MySQLDatabase0001</value>
      </uniqueName>
      <displayName>
        <value>MySQL Database</value>
      </displayName>
      <x>
        <value>430</value>
      </x>
      <description>
        <value>MySQL Database Server</value>
      </description>
      <y>
        <value>233</value>
      </y>
    </tags>
  </resources>
  <resources>
    <id>dd6f1ef1-c545-74be-6145-7aed94809039</id>
    <name>Existing Server</name>
    <componentType>
      <groupId>com.hp.csa.type</groupId>
      <artifactId>Existing_Server_b9ce5335_9ba9_46b6_9591_ca18b73cabb6_e4595de7583849f29037184578e03cb8</artifactId>
      <version>1</version>
    </componentType>
    <properties>
      <PASSWORD>
        <value/>
        <type>string_encrypted</type>
      </PASSWORD>
      <response>
        <value/>
        <type>string</type>
      </response>
      <HOST-FQDN>
        <value/>
        <type>string</type>
      </HOST-FQDN>
      <IPADDRESS>
        <value/>
        <type>string</type>
      </IPADDRESS>
      <USERNAME>
        <value/>
        <type>string</type>
      </USERNAME>
      <INSTANCE-ID>
        <value/>
        <type>string</type>
      </INSTANCE-ID>
      <SSHPORT>
        <value/>
        <type>string</type>
      </SSHPORT>
      <PRIVATEKEY>
        <value/>
        <type>string</type>
      </PRIVATEKEY>
      <TIMEOUT>
        <value>90000</value>
        <type>string</type>
      </TIMEOUT>
      <Result>
        <value/>
        <type>string</type>
      </Result>
    </properties>
    <tags>
      <uniqueName>
        <value>ExistingServer0002</value>
      </uniqueName>
      <displayName>
        <value>Existing Server</value>
      </displayName>
      <x>
        <value>430</value>
      </x>
      <description>
        <value>Existing Server Component</value>
      </description>
      <y>
        <value>381</value>
      </y>
    </tags>
  </resources>
  <resources>
    <id>8f17d95d-fb53-eb76-b5d8-739726e98deb</id>
    <name>PetClinic Application</name>
    <componentType>
      <groupId>com.hp.csa.type</groupId>
      <artifactId>PetClinicApplicationType</artifactId>
      <version>1.50.0000</version>
    </componentType>
    <properties>
      <configurationurl>
        <value/>
        <type>string</type>
      </configurationurl>
      <hostusername>
        <value/>
        <type>string</type>
      </hostusername>
      <mysqlusername>
        <value/>
        <type>string</type>
      </mysqlusername>
      <localfilepath>
        <value>petclinic.war</value>
        <type>string</type>
      </localfilepath>
      <mysqlpassword>
        <value/>
        <type>string_encrypted</type>
      </mysqlpassword>
      <apphostname>
        <value/>
        <type>string</type>
      </apphostname>
      <result>
        <value/>
        <type>string</type>
      </result>
      <artifactusername>
        <value/>
        <type>string</type>
      </artifactusername>
      <artifactpassword>
        <value/>
        <type>string_encrypted</type>
      </artifactpassword>
      <dbhostname>
        <value/>
        <type>string</type>
      </dbhostname>
      <dbpassword>
        <value/>
        <type>string_encrypted</type>
      </dbpassword>
      <port>
        <value>22</value>
        <type>string</type>
      </port>
      <tomcathome>
        <value/>
        <type>string</type>
      </tomcathome>
      <response>
        <value/>
        <type>string</type>
      </response>
      <artifacturl>
        <value/>
        <type>string</type>
      </artifacturl>
      <dbusername>
        <value/>
        <type>string</type>
      </dbusername>
      <privatekeyPath>
        <value/>
        <type>string</type>
      </privatekeyPath>
      <remotefilepath>
        <value>/tmp/</value>
        <type>string</type>
      </remotefilepath>
      <servicecommand>
        <value/>
        <type>string</type>
      </servicecommand>
      <hostpassword>
        <value/>
        <type>string_encrypted</type>
      </hostpassword>
    </properties>
    <outgoingRelations>
      <relationType>association</relationType>
      <id>89aae530-c07f-af9f-2547-9ed3faeb3eab</id>
      <properties>
        <_enable_modify_during_lifecycle_properties>
          <value/>
          <type>string</type>
        </_enable_modify_during_lifecycle_properties>
        <_modifiable_properties>
          <value/>
          <type>string</type>
        </_modifiable_properties>
        <_relation_type>
          <value>
            <first>Association</first>
            <second>ASSOCIATION</second>
          </value>
          <type>pair</type>
        </_relation_type>
      </properties>
      <relationDescriptorName>hostedOn_PetClinicApplicationType__VERSION__1^50^0000__GROUPID__com^hp^csa^type</relationDescriptorName>
      <topologyResource>
        <id>e293d1f8-46e5-4e2a-258d-c61772360db3</id>
      </topologyResource>
    </outgoingRelations>
    <outgoingRelations>
      <relationType>association</relationType>
      <id>d76a8f07-9a45-4eff-d603-dd0591063162</id>
      <properties>
        <_enable_modify_during_lifecycle_properties>
          <value/>
          <type>string</type>
        </_enable_modify_during_lifecycle_properties>
        <_modifiable_properties>
          <value/>
          <type>string</type>
        </_modifiable_properties>
        <_relation_type>
          <value>
            <first>Association</first>
            <second>ASSOCIATION</second>
          </value>
          <type>pair</type>
        </_relation_type>
      </properties>
      <relationDescriptorName>dbDetails_PetClinicApplicationType__VERSION__1^50^0000__GROUPID__com^hp^csa^type</relationDescriptorName>
      <topologyResource>
        <id>01a77e8e-3578-ec61-2663-d192034b25e2</id>
      </topologyResource>
    </outgoingRelations>
    <tags>
      <uniqueName>
        <value>PetClinicApplica0001</value>
      </uniqueName>
      <displayName>
        <value>PetClinic Application</value>
      </displayName>
      <x>
        <value>713</value>
      </x>
      <description>
        <value>PetClinic Application</value>
      </description>
      <y>
        <value>71</value>
      </y>
    </tags>
  </resources>
  <displayName>PetClinic Application on Existing Servers</displayName>
  <revision>153</revision>
  <iconUrl>/csa/images/library/pets.png</iconUrl>
  <tagIds>
    <tagIds>8a818cf8ara15bc772b0145cb6efjhg99</tagIds>
  </tagIds>
  <tags>
    <serviceBlueprintId>
      <value>8a8186da4dd6c917014dd6d339bb01d5</value>
    </serviceBlueprintId>
    <providerType>
      <value>independent</value>
    </providerType>
  </tags>
  <createdOn>1432296736733</createdOn>
  <updatedOn>1433852384617</updatedOn>
  <state>UNLOCKED</state>
  <hidden>false</hidden>
  <bound>false</bound>
  <partial>false</partial>
</Topology>