{
  "@type" : "ComponentTemplate",
  "id" : "415c6e8d-829a-4f19-9f9a-28c68844246a",
  "artifactId" : "VcenterServerTemplate",
  "groupId" : "com.hp.csa.type",
  "version" : "15.07.0000",
  "displayName" : "vCenter Server",
  "description" : "vCenter Server",
  "implementedTypes" : [ {
    "componentId" : {
      "artifactId" : "VcenterServerType",
      "groupId" : "com.hp.csa.type",
      "version" : "15.07.0000"
    },
    "constraints" : { }
  } ],
  "providerType" : "VMWARE_VCENTER",
  "actions" : [ {
    "actionDescriptor" : {
      "name" : "Flex_CPU",
      "displayName" : "Flex CPU",
      "description" : "Flex CPU",
      "inputParameters" : [ {
        "name" : "vCenterHost",
        "displayName" : "vCenterHost",
        "description" : "vCenterHost",
        "required" : true,
        "confidential" : false,
        "displayNames" : {
          "en-US" : {
            "value" : "vCenterHost"
          }
        },
        "descriptions" : {
          "en-US" : {
            "value" : "vCenterHost"
          }
        },
        "type" : "string"
      }, {
        "name" : "vCenterPort",
        "displayName" : "vCenterPort",
        "description" : "vCenterPort",
        "required" : true,
        "confidential" : false,
        "displayNames" : {
          "en-US" : {
            "value" : "vCenterPort"
          }
        },
        "descriptions" : {
          "en-US" : {
            "value" : "vCenterPort"
          }
        },
        "type" : "string"
      }, {
        "name" : "vCenterProtocol",
        "displayName" : "vCenterProtocol",
        "description" : "vCenterProtocol",
        "required" : true,
        "confidential" : false,
        "displayNames" : {
          "en-US" : {
            "value" : "vCenterProtocol"
          }
        },
        "descriptions" : {
          "en-US" : {
            "value" : "vCenterProtocol"
          }
        },
        "type" : "string"
      }, {
        "name" : "vCenterUsername",
        "displayName" : "vCenterUsername",
        "description" : "vCenterUsername",
        "required" : true,
        "confidential" : false,
        "displayNames" : {
          "en-US" : {
            "value" : "vCenterUsername"
          }
        },
        "descriptions" : {
          "en-US" : {
            "value" : "vCenterUsername"
          }
        },
        "type" : "string"
      }, {
        "name" : "vCenterPassword",
        "displayName" : "vCenterPassword",
        "description" : "vCenterPassword",
        "required" : true,
        "confidential" : true,
        "displayNames" : {
          "en-US" : {
            "value" : "vCenterPassword"
          }
        },
        "descriptions" : {
          "en-US" : {
            "value" : "vCenterPassword"
          }
        },
        "type" : "string"
      }, {
        "name" : "datacenterName",
        "displayName" : "datacenterName",
        "description" : "datacenterName",
        "required" : true,
        "confidential" : false,
        "displayNames" : {
          "en-US" : {
            "value" : "datacenterName"
          }
        },
        "descriptions" : {
          "en-US" : {
            "value" : "datacenterName"
          }
        },
        "type" : "string"
      }, {
        "name" : "vmID",
        "displayName" : "vmID",
        "description" : "vmID",
        "required" : true,
        "confidential" : false,
        "displayNames" : {
          "en-US" : {
            "value" : "vmID"
          }
        },
        "descriptions" : {
          "en-US" : {
            "value" : "vmID"
          }
        },
        "type" : "string"
      }, {
        "name" : "requestedCpuCount",
        "displayName" : "requestedCpuCount",
        "description" : "requestedCpuCount",
        "required" : true,
        "confidential" : false,
        "displayNames" : {
          "en-US" : {
            "value" : "requestedCpuCount"
          }
        },
        "descriptions" : {
          "en-US" : {
            "value" : "requestedCpuCount"
          }
        },
        "type" : "string"
      } ],
      "outputParameters" : [ {
        "name" : "cpuCount",
        "displayName" : "cpuCount",
        "description" : "cpuCount",
        "required" : true,
        "confidential" : false,
        "displayNames" : {
          "en-US" : {
            "value" : "cpuCount"
          }
        },
        "descriptions" : {
          "en-US" : {
            "value" : "cpuCount"
          }
        },
        "type" : "string"
      }, {
        "name" : "vmState",
        "displayName" : "vmState",
        "description" : "vmState",
        "required" : true,
        "confidential" : false,
        "displayNames" : {
          "en-US" : {
            "value" : "vmState"
          }
        },
        "descriptions" : {
          "en-US" : {
            "value" : "vmState"
          }
        },
        "type" : "string"
      } ],
      "final" : false,
      "visible" : true,
      "displayNames" : {
        "en-US" : {
          "value" : "Flex CPU"
        }
      },
      "descriptions" : {
        "en-US" : {
          "value" : "Flex CPU"
        }
      }
    },
    "processEngineDescriptors" : [ {
      "processEngineId" : "HP_OO",
      "mapping" : {
        "input" : {
          "vCenterPort" : "@PROVIDER:VMWARE_VCENTER:PORT",
          "datacenterName" : "@PROVIDER:VMWARE_VCENTER:DATACENTERNAME",
          "requestedCpuCount" : "@USER_VALUE",
          "vmID" : "@PROPERTY:vmID",
          "vCenterHost" : "@PROVIDER:VMWARE_VCENTER:HOST",
          "vCenterPassword" : "@PROVIDER:VMWARE_VCENTER:PASSWORD",
          "vCenterUsername" : "@PROVIDER:VMWARE_VCENTER:USERNAME",
          "vCenterProtocol" : "@PROVIDER:VMWARE_VCENTER:PROTOCOL"
        },
        "output" : {
          "vmState" : "@PROPERTY:vmState",
          "cpuCount" : "@PROPERTY:cpuCount"
        }
      },
      "executableId" : "61c94ece-bc01-49b6-9e28-904e00a26775"
    } ]
  }, {
    "actionDescriptor" : {
      "name" : "Flex_Memory",
      "displayName" : "Flex Memory",
      "description" : "Flex Memory",
      "inputParameters" : [ {
        "name" : "vCenterHost",
        "displayName" : "vCenterHost",
        "description" : "vCenterHost",
        "required" : true,
        "confidential" : false,
        "displayNames" : {
          "en-US" : {
            "value" : "vCenterHost"
          }
        },
        "descriptions" : {
          "en-US" : {
            "value" : "vCenterHost"
          }
        },
        "type" : "string"
      }, {
        "name" : "vCenterPort",
        "displayName" : "vCenterPort",
        "description" : "vCenterPort",
        "required" : true,
        "confidential" : false,
        "displayNames" : {
          "en-US" : {
            "value" : "vCenterPort"
          }
        },
        "descriptions" : {
          "en-US" : {
            "value" : "vCenterPort"
          }
        },
        "type" : "string"
      }, {
        "name" : "vCenterProtocol",
        "displayName" : "vCenterProtocol",
        "description" : "vCenterProtocol",
        "required" : true,
        "confidential" : false,
        "displayNames" : {
          "en-US" : {
            "value" : "vCenterProtocol"
          }
        },
        "descriptions" : {
          "en-US" : {
            "value" : "vCenterProtocol"
          }
        },
        "type" : "string"
      }, {
        "name" : "vCenterUsername",
        "displayName" : "vCenterUsername",
        "description" : "vCenterUsername",
        "required" : true,
        "confidential" : false,
        "displayNames" : {
          "en-US" : {
            "value" : "vCenterUsername"
          }
        },
        "descriptions" : {
          "en-US" : {
            "value" : "vCenterUsername"
          }
        },
        "type" : "string"
      }, {
        "name" : "vCenterPassword",
        "displayName" : "vCenterPassword",
        "description" : "vCenterPassword",
        "required" : true,
        "confidential" : true,
        "displayNames" : {
          "en-US" : {
            "value" : "vCenterPassword"
          }
        },
        "descriptions" : {
          "en-US" : {
            "value" : "vCenterPassword"
          }
        },
        "type" : "string"
      }, {
        "name" : "datacenterName",
        "displayName" : "datacenterName",
        "description" : "datacenterName",
        "required" : true,
        "confidential" : false,
        "displayNames" : {
          "en-US" : {
            "value" : "datacenterName"
          }
        },
        "descriptions" : {
          "en-US" : {
            "value" : "datacenterName"
          }
        },
        "type" : "string"
      }, {
        "name" : "vmID",
        "displayName" : "vmID",
        "description" : "vmID",
        "required" : true,
        "confidential" : false,
        "displayNames" : {
          "en-US" : {
            "value" : "vmID"
          }
        },
        "descriptions" : {
          "en-US" : {
            "value" : "vmID"
          }
        },
        "type" : "string"
      }, {
        "name" : "requestedMemorySize",
        "displayName" : "requestedMemorySize",
        "description" : "requestedMemorySize",
        "required" : true,
        "confidential" : false,
        "displayNames" : {
          "en-US" : {
            "value" : "requestedMemorySize"
          }
        },
        "descriptions" : {
          "en-US" : {
            "value" : "requestedMemorySize"
          }
        },
        "type" : "string"
      } ],
      "outputParameters" : [ {
        "name" : "memorySize",
        "displayName" : "memorySize",
        "description" : "memorySize",
        "required" : true,
        "confidential" : false,
        "displayNames" : {
          "en-US" : {
            "value" : "memorySize"
          }
        },
        "descriptions" : {
          "en-US" : {
            "value" : "memorySize"
          }
        },
        "type" : "string"
      }, {
        "name" : "result",
        "displayName" : "result",
        "description" : "result",
        "required" : true,
        "confidential" : false,
        "displayNames" : {
          "en-US" : {
            "value" : "result"
          }
        },
        "descriptions" : {
          "en-US" : {
            "value" : "result"
          }
        },
        "type" : "string"
      }, {
        "name" : "vmState",
        "displayName" : "vmState",
        "description" : "vmState",
        "required" : true,
        "confidential" : false,
        "displayNames" : {
          "en-US" : {
            "value" : "vmState"
          }
        },
        "descriptions" : {
          "en-US" : {
            "value" : "vmState"
          }
        },
        "type" : "string"
      } ],
      "final" : false,
      "visible" : true,
      "displayNames" : {
        "en-US" : {
          "value" : "Flex Memory"
        }
      },
      "descriptions" : {
        "en-US" : {
          "value" : "Flex Memory"
        }
      }
    },
    "processEngineDescriptors" : [ {
      "processEngineId" : "HP_OO",
      "mapping" : {
        "input" : {
          "vCenterPort" : "@PROVIDER:VMWARE_VCENTER:PORT",
          "datacenterName" : "@PROVIDER:VMWARE_VCENTER:DATACENTERNAME",
          "requestedMemorySize" : "@USER_VALUE",
          "vmID" : "@PROPERTY:vmID",
          "vCenterHost" : "@PROVIDER:VMWARE_VCENTER:HOST",
          "vCenterPassword" : "@PROVIDER:VMWARE_VCENTER:PASSWORD",
          "vCenterUsername" : "@PROVIDER:VMWARE_VCENTER:USERNAME",
          "vCenterProtocol" : "@PROVIDER:VMWARE_VCENTER:PROTOCOL"
        },
        "output" : {
          "result" : "@PROPERTY:result",
          "memorySize" : "@PROPERTY:memorySize",
          "vmState" : "@PROPERTY:vmState"
        }
      },
      "executableId" : "b86e266b-8410-47f2-a2ce-eda5ec4fdba6"
    } ]
  }, {
    "actionDescriptor" : {
      "name" : "Modify_Failure_Server",
      "displayName" : "Modify Failure Server",
      "description" : "Modify Failure Server",
      "inputParameters" : [ {
        "name" : "vCenterHost",
        "displayName" : "vCenterHost",
        "description" : "vCenterHost",
        "required" : true,
        "confidential" : false,
        "displayNames" : {
          "en-US" : {
            "value" : "vCenterHost"
          }
        },
        "descriptions" : {
          "en-US" : {
            "value" : "vCenterHost"
          }
        },
        "type" : "string"
      }, {
        "name" : "vCenterPort",
        "displayName" : "vCenterPort",
        "description" : "vCenterPort",
        "required" : true,
        "confidential" : false,
        "displayNames" : {
          "en-US" : {
            "value" : "vCenterPort"
          }
        },
        "descriptions" : {
          "en-US" : {
            "value" : "vCenterPort"
          }
        },
        "type" : "string"
      }, {
        "name" : "vCenterProtocol",
        "displayName" : "vCenterProtocol",
        "description" : "vCenterProtocol",
        "required" : true,
        "confidential" : false,
        "displayNames" : {
          "en-US" : {
            "value" : "vCenterProtocol"
          }
        },
        "descriptions" : {
          "en-US" : {
            "value" : "vCenterProtocol"
          }
        },
        "type" : "string"
      }, {
        "name" : "vCenterUsername",
        "displayName" : "vCenterUsername",
        "description" : "vCenterUsername",
        "required" : true,
        "confidential" : false,
        "displayNames" : {
          "en-US" : {
            "value" : "vCenterUsername"
          }
        },
        "descriptions" : {
          "en-US" : {
            "value" : "vCenterUsername"
          }
        },
        "type" : "string"
      }, {
        "name" : "vCenterPassword",
        "displayName" : "vCenterPassword",
        "description" : "vCenterPassword",
        "required" : true,
        "confidential" : true,
        "displayNames" : {
          "en-US" : {
            "value" : "vCenterPassword"
          }
        },
        "descriptions" : {
          "en-US" : {
            "value" : "vCenterPassword"
          }
        },
        "type" : "string"
      }, {
        "name" : "datacenterName",
        "displayName" : "datacenterName",
        "description" : "datacenterName",
        "required" : true,
        "confidential" : false,
        "displayNames" : {
          "en-US" : {
            "value" : "datacenterName"
          }
        },
        "descriptions" : {
          "en-US" : {
            "value" : "datacenterName"
          }
        },
        "type" : "string"
      }, {
        "name" : "vmID",
        "displayName" : "vmID",
        "description" : "vmID",
        "required" : true,
        "confidential" : false,
        "displayNames" : {
          "en-US" : {
            "value" : "vmID"
          }
        },
        "descriptions" : {
          "en-US" : {
            "value" : "vmID"
          }
        },
        "type" : "string"
      }, {
        "name" : "cpuCount",
        "displayName" : "cpuCount",
        "description" : "cpuCount",
        "required" : false,
        "confidential" : false,
        "displayNames" : {
          "en-US" : {
            "value" : "cpuCount"
          }
        },
        "descriptions" : {
          "en-US" : {
            "value" : "cpuCount"
          }
        },
        "type" : "string"
      }, {
        "name" : "prev_cpuCount",
        "displayName" : "prev_cpuCount",
        "description" : "prev_cpuCount",
        "required" : false,
        "confidential" : false,
        "displayNames" : {
          "en-US" : {
            "value" : "prev_cpuCount"
          }
        },
        "descriptions" : {
          "en-US" : {
            "value" : "prev_cpuCount"
          }
        },
        "type" : "string"
      }, {
        "name" : "memorySize",
        "displayName" : "memorySize",
        "description" : "memorySize",
        "required" : false,
        "confidential" : false,
        "displayNames" : {
          "en-US" : {
            "value" : "memorySize"
          }
        },
        "descriptions" : {
          "en-US" : {
            "value" : "memorySize"
          }
        },
        "type" : "string"
      }, {
        "name" : "prev_memorySize",
        "displayName" : "prev_memorySize",
        "description" : "prev_memorySize",
        "required" : false,
        "confidential" : false,
        "displayNames" : {
          "en-US" : {
            "value" : "prev_memorySize"
          }
        },
        "descriptions" : {
          "en-US" : {
            "value" : "prev_memorySize"
          }
        },
        "type" : "string"
      }, {
        "name" : "modifyFailureValue",
        "displayName" : "modifyFailureValue",
        "description" : "modifyFailureValue",
        "required" : false,
        "confidential" : false,
        "displayNames" : {
          "en-US" : {
            "value" : "modifyFailureValue"
          }
        },
        "descriptions" : {
          "en-US" : {
            "value" : "modifyFailureValue"
          }
        },
        "type" : "string"
      } ],
      "outputParameters" : [ {
        "name" : "cpuCount",
        "displayName" : "cpuCount",
        "description" : "cpuCount",
        "required" : true,
        "confidential" : false,
        "displayNames" : {
          "en-US" : {
            "value" : "cpuCount"
          }
        },
        "descriptions" : {
          "en-US" : {
            "value" : "cpuCount"
          }
        },
        "type" : "string"
      }, {
        "name" : "memorySize",
        "displayName" : "memorySize",
        "description" : "memorySize",
        "required" : true,
        "confidential" : false,
        "displayNames" : {
          "en-US" : {
            "value" : "memorySize"
          }
        },
        "descriptions" : {
          "en-US" : {
            "value" : "memorySize"
          }
        },
        "type" : "string"
      }, {
        "name" : "result",
        "displayName" : "result",
        "description" : "result",
        "required" : true,
        "confidential" : false,
        "displayNames" : {
          "en-US" : {
            "value" : "result"
          }
        },
        "descriptions" : {
          "en-US" : {
            "value" : "result"
          }
        },
        "type" : "string"
      }, {
        "name" : "vmState",
        "displayName" : "vmState",
        "description" : "vmState",
        "required" : true,
        "confidential" : false,
        "displayNames" : {
          "en-US" : {
            "value" : "vmState"
          }
        },
        "descriptions" : {
          "en-US" : {
            "value" : "vmState"
          }
        },
        "type" : "string"
      } ],
      "lifecycleAction" : "ModifyFailureHandler",
      "final" : false,
      "visible" : false,
      "displayNames" : {
        "en-US" : {
          "value" : "Modify Failure Server"
        }
      },
      "descriptions" : {
        "en-US" : {
          "value" : "Modify Failure Server"
        }
      }
    },
    "processEngineDescriptors" : [ {
      "processEngineId" : "HP_OO",
      "mapping" : {
        "input" : {
          "vCenterPort" : "@PROVIDER:VMWARE_VCENTER:PORT",
          "prev_cpuCount" : "@PROPERTY:prev_cpuCount",
          "memorySize" : "@PROPERTY:memorySize",
          "datacenterName" : "@PROVIDER:VMWARE_VCENTER:DATACENTERNAME",
          "vmID" : "@PROPERTY:vmID",
          "modifyFailureValue" : "@PROPERTY:modifyReturnValue",
          "prev_memorySize" : "@PROPERTY:prev_memorySize",
          "vCenterHost" : "@PROVIDER:VMWARE_VCENTER:HOST",
          "vCenterPassword" : "@PROVIDER:VMWARE_VCENTER:PASSWORD",
          "vCenterUsername" : "@PROVIDER:VMWARE_VCENTER:USERNAME",
          "vCenterProtocol" : "@PROVIDER:VMWARE_VCENTER:PROTOCOL",
          "cpuCount" : "@PROPERTY:cpuCount"
        },
        "output" : {
          "result" : "@PROPERTY:result",
          "memorySize" : "@PROPERTY:memorySize",
          "vmState" : "@PROPERTY:vmState",
          "cpuCount" : "@PROPERTY:cpuCount"
        }
      },
      "executableId" : "28e4f465-9e11-4c2b-aa9f-48ae72059924"
    } ]
  }, {
    "actionDescriptor" : {
      "name" : "Modify_Server",
      "displayName" : "Modify Server",
      "description" : "Modify Server",
      "inputParameters" : [ {
        "name" : "vCenterHost",
        "displayName" : "vCenterHost",
        "description" : "vCenterHost",
        "required" : true,
        "confidential" : false,
        "displayNames" : {
          "en-US" : {
            "value" : "vCenterHost"
          }
        },
        "descriptions" : {
          "en-US" : {
            "value" : "vCenterHost"
          }
        },
        "type" : "string"
      }, {
        "name" : "vCenterPort",
        "displayName" : "vCenterPort",
        "description" : "vCenterPort",
        "required" : true,
        "confidential" : false,
        "displayNames" : {
          "en-US" : {
            "value" : "vCenterPort"
          }
        },
        "descriptions" : {
          "en-US" : {
            "value" : "vCenterPort"
          }
        },
        "type" : "string"
      }, {
        "name" : "vCenterProtocol",
        "displayName" : "vCenterProtocol",
        "description" : "vCenterProtocol",
        "required" : true,
        "confidential" : false,
        "displayNames" : {
          "en-US" : {
            "value" : "vCenterProtocol"
          }
        },
        "descriptions" : {
          "en-US" : {
            "value" : "vCenterProtocol"
          }
        },
        "type" : "string"
      }, {
        "name" : "vCenterUsername",
        "displayName" : "vCenterUsername",
        "description" : "vCenterUsername",
        "required" : true,
        "confidential" : false,
        "displayNames" : {
          "en-US" : {
            "value" : "vCenterUsername"
          }
        },
        "descriptions" : {
          "en-US" : {
            "value" : "vCenterUsername"
          }
        },
        "type" : "string"
      }, {
        "name" : "vCenterPassword",
        "displayName" : "vCenterPassword",
        "description" : "vCenterPassword",
        "required" : true,
        "confidential" : true,
        "displayNames" : {
          "en-US" : {
            "value" : "vCenterPassword"
          }
        },
        "descriptions" : {
          "en-US" : {
            "value" : "vCenterPassword"
          }
        },
        "type" : "string"
      }, {
        "name" : "datacenterName",
        "displayName" : "datacenterName",
        "description" : "datacenterName",
        "required" : true,
        "confidential" : false,
        "displayNames" : {
          "en-US" : {
            "value" : "datacenterName"
          }
        },
        "descriptions" : {
          "en-US" : {
            "value" : "datacenterName"
          }
        },
        "type" : "string"
      }, {
        "name" : "vmID",
        "displayName" : "vmID",
        "description" : "vmID",
        "required" : true,
        "confidential" : false,
        "displayNames" : {
          "en-US" : {
            "value" : "vmID"
          }
        },
        "descriptions" : {
          "en-US" : {
            "value" : "vmID"
          }
        },
        "type" : "string"
      }, {
        "name" : "cpuCount",
        "displayName" : "cpuCount",
        "description" : "cpuCount",
        "required" : false,
        "confidential" : false,
        "displayNames" : {
          "en-US" : {
            "value" : "cpuCount"
          }
        },
        "descriptions" : {
          "en-US" : {
            "value" : "cpuCount"
          }
        },
        "type" : "string"
      }, {
        "name" : "prev_cpuCount",
        "displayName" : "prev_cpuCount",
        "description" : "prev_cpuCount",
        "required" : false,
        "confidential" : false,
        "displayNames" : {
          "en-US" : {
            "value" : "prev_cpuCount"
          }
        },
        "descriptions" : {
          "en-US" : {
            "value" : "prev_cpuCount"
          }
        },
        "type" : "string"
      }, {
        "name" : "memorySize",
        "displayName" : "memorySize",
        "description" : "memorySize",
        "required" : false,
        "confidential" : false,
        "displayNames" : {
          "en-US" : {
            "value" : "memorySize"
          }
        },
        "descriptions" : {
          "en-US" : {
            "value" : "memorySize"
          }
        },
        "type" : "string"
      }, {
        "name" : "prev_memorySize",
        "displayName" : "prev_memorySize",
        "description" : "prev_memorySize",
        "required" : false,
        "confidential" : false,
        "displayNames" : {
          "en-US" : {
            "value" : "prev_memorySize"
          }
        },
        "descriptions" : {
          "en-US" : {
            "value" : "prev_memorySize"
          }
        },
        "type" : "string"
      } ],
      "outputParameters" : [ {
        "name" : "cpuCount",
        "displayName" : "cpuCount",
        "description" : "cpuCount",
        "required" : true,
        "confidential" : false,
        "displayNames" : {
          "en-US" : {
            "value" : "cpuCount"
          }
        },
        "descriptions" : {
          "en-US" : {
            "value" : "cpuCount"
          }
        },
        "type" : "string"
      }, {
        "name" : "memorySize",
        "displayName" : "memorySize",
        "description" : "memorySize",
        "required" : true,
        "confidential" : false,
        "displayNames" : {
          "en-US" : {
            "value" : "memorySize"
          }
        },
        "descriptions" : {
          "en-US" : {
            "value" : "memorySize"
          }
        },
        "type" : "string"
      }, {
        "name" : "modifyReturnValue",
        "displayName" : "modifyReturnValue",
        "description" : "modifyReturnValue",
        "required" : true,
        "confidential" : false,
        "displayNames" : {
          "en-US" : {
            "value" : "modifyReturnValue"
          }
        },
        "descriptions" : {
          "en-US" : {
            "value" : "modifyReturnValue"
          }
        },
        "type" : "string"
      }, {
        "name" : "result",
        "displayName" : "result",
        "description" : "result",
        "required" : true,
        "confidential" : false,
        "displayNames" : {
          "en-US" : {
            "value" : "result"
          }
        },
        "descriptions" : {
          "en-US" : {
            "value" : "result"
          }
        },
        "type" : "string"
      }, {
        "name" : "vmState",
        "displayName" : "vmState",
        "description" : "vmState",
        "required" : true,
        "confidential" : false,
        "displayNames" : {
          "en-US" : {
            "value" : "vmState"
          }
        },
        "descriptions" : {
          "en-US" : {
            "value" : "vmState"
          }
        },
        "type" : "string"
      } ],
      "lifecycleAction" : "Modify",
      "final" : false,
      "visible" : false,
      "displayNames" : {
        "en-US" : {
          "value" : "Modify Server"
        }
      },
      "descriptions" : {
        "en-US" : {
          "value" : "Modify Server"
        }
      }
    },
    "processEngineDescriptors" : [ {
      "processEngineId" : "HP_OO",
      "mapping" : {
        "input" : {
          "vCenterPort" : "@PROVIDER:VMWARE_VCENTER:PORT",
          "prev_cpuCount" : "@PROPERTY:prev_cpuCount",
          "memorySize" : "@PROPERTY:memorySize",
          "datacenterName" : "@PROVIDER:VMWARE_VCENTER:DATACENTERNAME",
          "vmID" : "@PROPERTY:vmID",
          "prev_memorySize" : "@PROPERTY:prev_memorySize",
          "vCenterHost" : "@PROVIDER:VMWARE_VCENTER:HOST",
          "vCenterPassword" : "@PROVIDER:VMWARE_VCENTER:PASSWORD",
          "vCenterUsername" : "@PROVIDER:VMWARE_VCENTER:USERNAME",
          "vCenterProtocol" : "@PROVIDER:VMWARE_VCENTER:PROTOCOL",
          "cpuCount" : "@PROPERTY:cpuCount"
        },
        "output" : {
          "modifyReturnValue" : "@PROPERTY:modifyReturnValue",
          "result" : "@PROPERTY:result",
          "memorySize" : "@PROPERTY:memorySize",
          "vmState" : "@PROPERTY:vmState",
          "cpuCount" : "@PROPERTY:cpuCount"
        }
      },
      "executableId" : "fba1e2ce-5167-4ed8-b527-60011494dadf"
    } ]
  }, {
    "actionDescriptor" : {
      "name" : "Restart_Server",
      "displayName" : "Restart Server",
      "description" : "Restart Server",
      "inputParameters" : [ {
        "name" : "vCenterHost",
        "displayName" : "vCenterHost",
        "description" : "vCenterHost",
        "required" : true,
        "confidential" : false,
        "displayNames" : {
          "en-US" : {
            "value" : "vCenterHost"
          }
        },
        "descriptions" : {
          "en-US" : {
            "value" : "vCenterHost"
          }
        },
        "type" : "string"
      }, {
        "name" : "vCenterPort",
        "displayName" : "vCenterPort",
        "description" : "vCenterPort",
        "required" : true,
        "confidential" : false,
        "displayNames" : {
          "en-US" : {
            "value" : "vCenterPort"
          }
        },
        "descriptions" : {
          "en-US" : {
            "value" : "vCenterPort"
          }
        },
        "type" : "string"
      }, {
        "name" : "vCenterProtocol",
        "displayName" : "vCenterProtocol",
        "description" : "vCenterProtocol",
        "required" : true,
        "confidential" : false,
        "displayNames" : {
          "en-US" : {
            "value" : "vCenterProtocol"
          }
        },
        "descriptions" : {
          "en-US" : {
            "value" : "vCenterProtocol"
          }
        },
        "type" : "string"
      }, {
        "name" : "vCenterUsername",
        "displayName" : "vCenterUsername",
        "description" : "vCenterUsername",
        "required" : true,
        "confidential" : false,
        "displayNames" : {
          "en-US" : {
            "value" : "vCenterUsername"
          }
        },
        "descriptions" : {
          "en-US" : {
            "value" : "vCenterUsername"
          }
        },
        "type" : "string"
      }, {
        "name" : "vCenterPassword",
        "displayName" : "vCenterPassword",
        "description" : "vCenterPassword",
        "required" : true,
        "confidential" : true,
        "displayNames" : {
          "en-US" : {
            "value" : "vCenterPassword"
          }
        },
        "descriptions" : {
          "en-US" : {
            "value" : "vCenterPassword"
          }
        },
        "type" : "string"
      }, {
        "name" : "datacenterName",
        "displayName" : "datacenterName",
        "description" : "datacenterName",
        "required" : true,
        "confidential" : false,
        "displayNames" : {
          "en-US" : {
            "value" : "datacenterName"
          }
        },
        "descriptions" : {
          "en-US" : {
            "value" : "datacenterName"
          }
        },
        "type" : "string"
      }, {
        "name" : "vmID",
        "displayName" : "vmID",
        "description" : "vmID",
        "required" : true,
        "confidential" : false,
        "displayNames" : {
          "en-US" : {
            "value" : "vmID"
          }
        },
        "descriptions" : {
          "en-US" : {
            "value" : "vmID"
          }
        },
        "type" : "string"
      } ],
      "outputParameters" : [ {
        "name" : "vmState",
        "displayName" : "vmState",
        "description" : "vmState",
        "required" : true,
        "confidential" : false,
        "displayNames" : {
          "en-US" : {
            "value" : "vmState"
          }
        },
        "descriptions" : {
          "en-US" : {
            "value" : "vmState"
          }
        },
        "type" : "string"
      } ],
      "final" : false,
      "visible" : true,
      "displayNames" : {
        "en-US" : {
          "value" : "Restart Server"
        }
      },
      "descriptions" : {
        "en-US" : {
          "value" : "Restart Server"
        }
      }
    },
    "processEngineDescriptors" : [ {
      "processEngineId" : "HP_OO",
      "mapping" : {
        "input" : {
          "vCenterPort" : "@PROVIDER:VMWARE_VCENTER:PORT",
          "datacenterName" : "@PROVIDER:VMWARE_VCENTER:DATACENTERNAME",
          "vmID" : "@PROPERTY:vmID",
          "vCenterHost" : "@PROVIDER:VMWARE_VCENTER:HOST",
          "vCenterPassword" : "@PROVIDER:VMWARE_VCENTER:PASSWORD",
          "vCenterUsername" : "@PROVIDER:VMWARE_VCENTER:USERNAME",
          "vCenterProtocol" : "@PROVIDER:VMWARE_VCENTER:PROTOCOL"
        },
        "output" : {
          "vmState" : "@PROPERTY:vmState"
        }
      },
      "executableId" : "9710b379-abed-4bf1-ab97-0befc94d2390"
    } ]
  }, {
    "actionDescriptor" : {
      "name" : "Start_Server",
      "displayName" : "Start Server",
      "description" : "Start Server",
      "inputParameters" : [ {
        "name" : "vCenterHost",
        "displayName" : "vCenterHost",
        "description" : "vCenterHost",
        "required" : true,
        "confidential" : false,
        "displayNames" : {
          "en-US" : {
            "value" : "vCenterHost"
          }
        },
        "descriptions" : {
          "en-US" : {
            "value" : "vCenterHost"
          }
        },
        "type" : "string"
      }, {
        "name" : "vCenterPort",
        "displayName" : "vCenterPort",
        "description" : "vCenterPort",
        "required" : true,
        "confidential" : false,
        "displayNames" : {
          "en-US" : {
            "value" : "vCenterPort"
          }
        },
        "descriptions" : {
          "en-US" : {
            "value" : "vCenterPort"
          }
        },
        "type" : "string"
      }, {
        "name" : "vCenterProtocol",
        "displayName" : "vCenterProtocol",
        "description" : "vCenterProtocol",
        "required" : true,
        "confidential" : false,
        "displayNames" : {
          "en-US" : {
            "value" : "vCenterProtocol"
          }
        },
        "descriptions" : {
          "en-US" : {
            "value" : "vCenterProtocol"
          }
        },
        "type" : "string"
      }, {
        "name" : "vCenterUsername",
        "displayName" : "vCenterUsername",
        "description" : "vCenterUsername",
        "required" : true,
        "confidential" : false,
        "displayNames" : {
          "en-US" : {
            "value" : "vCenterUsername"
          }
        },
        "descriptions" : {
          "en-US" : {
            "value" : "vCenterUsername"
          }
        },
        "type" : "string"
      }, {
        "name" : "vCenterPassword",
        "displayName" : "vCenterPassword",
        "description" : "vCenterPassword",
        "required" : true,
        "confidential" : true,
        "displayNames" : {
          "en-US" : {
            "value" : "vCenterPassword"
          }
        },
        "descriptions" : {
          "en-US" : {
            "value" : "vCenterPassword"
          }
        },
        "type" : "string"
      }, {
        "name" : "datacenterName",
        "displayName" : "datacenterName",
        "description" : "datacenterName",
        "required" : true,
        "confidential" : false,
        "displayNames" : {
          "en-US" : {
            "value" : "datacenterName"
          }
        },
        "descriptions" : {
          "en-US" : {
            "value" : "datacenterName"
          }
        },
        "type" : "string"
      }, {
        "name" : "vmID",
        "displayName" : "vmID",
        "description" : "vmID",
        "required" : true,
        "confidential" : false,
        "displayNames" : {
          "en-US" : {
            "value" : "vmID"
          }
        },
        "descriptions" : {
          "en-US" : {
            "value" : "vmID"
          }
        },
        "type" : "string"
      } ],
      "outputParameters" : [ {
        "name" : "vmState",
        "displayName" : "vmState",
        "description" : "vmState",
        "required" : true,
        "confidential" : false,
        "displayNames" : {
          "en-US" : {
            "value" : "vmState"
          }
        },
        "descriptions" : {
          "en-US" : {
            "value" : "vmState"
          }
        },
        "type" : "string"
      } ],
      "final" : false,
      "visible" : true,
      "displayNames" : {
        "en-US" : {
          "value" : "Start Server"
        }
      },
      "descriptions" : {
        "en-US" : {
          "value" : "Start Server"
        }
      }
    },
    "processEngineDescriptors" : [ {
      "processEngineId" : "HP_OO",
      "mapping" : {
        "input" : {
          "vCenterPort" : "@PROVIDER:VMWARE_VCENTER:PORT",
          "datacenterName" : "@PROVIDER:VMWARE_VCENTER:DATACENTERNAME",
          "vmID" : "@PROPERTY:vmID",
          "vCenterHost" : "@PROVIDER:VMWARE_VCENTER:HOST",
          "vCenterPassword" : "@PROVIDER:VMWARE_VCENTER:PASSWORD",
          "vCenterUsername" : "@PROVIDER:VMWARE_VCENTER:USERNAME",
          "vCenterProtocol" : "@PROVIDER:VMWARE_VCENTER:PROTOCOL"
        },
        "output" : {
          "vmState" : "@PROPERTY:vmState"
        }
      },
      "executableId" : "2951eaae-6701-4220-ae85-e95bf00c4a80"
    } ]
  }, {
    "actionDescriptor" : {
      "name" : "Stop_Server",
      "displayName" : "Stop Server",
      "description" : "Stop Server",
      "inputParameters" : [ {
        "name" : "vCenterHost",
        "displayName" : "vCenterHost",
        "description" : "vCenterHost",
        "required" : true,
        "confidential" : false,
        "displayNames" : {
          "en-US" : {
            "value" : "vCenterHost"
          }
        },
        "descriptions" : {
          "en-US" : {
            "value" : "vCenterHost"
          }
        },
        "type" : "string"
      }, {
        "name" : "vCenterPort",
        "displayName" : "vCenterPort",
        "description" : "vCenterPort",
        "required" : true,
        "confidential" : false,
        "displayNames" : {
          "en-US" : {
            "value" : "vCenterPort"
          }
        },
        "descriptions" : {
          "en-US" : {
            "value" : "vCenterPort"
          }
        },
        "type" : "string"
      }, {
        "name" : "vCenterProtocol",
        "displayName" : "vCenterProtocol",
        "description" : "vCenterProtocol",
        "required" : true,
        "confidential" : false,
        "displayNames" : {
          "en-US" : {
            "value" : "vCenterProtocol"
          }
        },
        "descriptions" : {
          "en-US" : {
            "value" : "vCenterProtocol"
          }
        },
        "type" : "string"
      }, {
        "name" : "vCenterUsername",
        "displayName" : "vCenterUsername",
        "description" : "vCenterUsername",
        "required" : true,
        "confidential" : false,
        "displayNames" : {
          "en-US" : {
            "value" : "vCenterUsername"
          }
        },
        "descriptions" : {
          "en-US" : {
            "value" : "vCenterUsername"
          }
        },
        "type" : "string"
      }, {
        "name" : "vCenterPassword",
        "displayName" : "vCenterPassword",
        "description" : "vCenterPassword",
        "required" : true,
        "confidential" : true,
        "displayNames" : {
          "en-US" : {
            "value" : "vCenterPassword"
          }
        },
        "descriptions" : {
          "en-US" : {
            "value" : "vCenterPassword"
          }
        },
        "type" : "string"
      }, {
        "name" : "datacenterName",
        "displayName" : "datacenterName",
        "description" : "datacenterName",
        "required" : true,
        "confidential" : false,
        "displayNames" : {
          "en-US" : {
            "value" : "datacenterName"
          }
        },
        "descriptions" : {
          "en-US" : {
            "value" : "datacenterName"
          }
        },
        "type" : "string"
      }, {
        "name" : "vmID",
        "displayName" : "vmID",
        "description" : "vmID",
        "required" : true,
        "confidential" : false,
        "displayNames" : {
          "en-US" : {
            "value" : "vmID"
          }
        },
        "descriptions" : {
          "en-US" : {
            "value" : "vmID"
          }
        },
        "type" : "string"
      } ],
      "outputParameters" : [ {
        "name" : "vmState",
        "displayName" : "vmState",
        "description" : "vmState",
        "required" : true,
        "confidential" : false,
        "displayNames" : {
          "en-US" : {
            "value" : "vmState"
          }
        },
        "descriptions" : {
          "en-US" : {
            "value" : "vmState"
          }
        },
        "type" : "string"
      } ],
      "final" : false,
      "visible" : true,
      "displayNames" : {
        "en-US" : {
          "value" : "Stop Server"
        }
      },
      "descriptions" : {
        "en-US" : {
          "value" : "Stop Server"
        }
      }
    },
    "processEngineDescriptors" : [ {
      "processEngineId" : "HP_OO",
      "mapping" : {
        "input" : {
          "vCenterPort" : "@PROVIDER:VMWARE_VCENTER:PORT",
          "datacenterName" : "@PROVIDER:VMWARE_VCENTER:DATACENTERNAME",
          "vmID" : "@PROPERTY:vmID",
          "vCenterHost" : "@PROVIDER:VMWARE_VCENTER:HOST",
          "vCenterPassword" : "@PROVIDER:VMWARE_VCENTER:PASSWORD",
          "vCenterUsername" : "@PROVIDER:VMWARE_VCENTER:USERNAME",
          "vCenterProtocol" : "@PROVIDER:VMWARE_VCENTER:PROTOCOL"
        },
        "output" : {
          "vmState" : "@PROPERTY:vmState"
        }
      },
      "executableId" : "d50094e2-6913-49a4-8f52-1ec94ab3d641"
    } ]
  }, {
    "actionDescriptor" : {
      "name" : "Suspend_Server",
      "displayName" : "Suspend Server",
      "description" : "Suspend Server",
      "inputParameters" : [ {
        "name" : "vCenterHost",
        "displayName" : "vCenterHost",
        "description" : "vCenterHost",
        "required" : true,
        "confidential" : false,
        "displayNames" : {
          "en-US" : {
            "value" : "vCenterHost"
          }
        },
        "descriptions" : {
          "en-US" : {
            "value" : "vCenterHost"
          }
        },
        "type" : "string"
      }, {
        "name" : "vCenterUsername",
        "displayName" : "vCenterUsername",
        "description" : "vCenterUsername",
        "required" : true,
        "confidential" : false,
        "displayNames" : {
          "en-US" : {
            "value" : "vCenterUsername"
          }
        },
        "descriptions" : {
          "en-US" : {
            "value" : "vCenterUsername"
          }
        },
        "type" : "string"
      }, {
        "name" : "vCenterPassword",
        "displayName" : "vCenterPassword",
        "description" : "vCenterPassword",
        "required" : true,
        "confidential" : true,
        "displayNames" : {
          "en-US" : {
            "value" : "vCenterPassword"
          }
        },
        "descriptions" : {
          "en-US" : {
            "value" : "vCenterPassword"
          }
        },
        "type" : "string"
      }, {
        "name" : "vCenterPort",
        "displayName" : "vCenterPort",
        "description" : "vCenterPort",
        "required" : true,
        "confidential" : false,
        "displayNames" : {
          "en-US" : {
            "value" : "vCenterPort"
          }
        },
        "descriptions" : {
          "en-US" : {
            "value" : "vCenterPort"
          }
        },
        "type" : "string"
      }, {
        "name" : "vCenterProtocol",
        "displayName" : "vCenterProtocol",
        "description" : "vCenterProtocol",
        "required" : true,
        "confidential" : false,
        "displayNames" : {
          "en-US" : {
            "value" : "vCenterProtocol"
          }
        },
        "descriptions" : {
          "en-US" : {
            "value" : "vCenterProtocol"
          }
        },
        "type" : "string"
      }, {
        "name" : "vmID",
        "displayName" : "vmID",
        "description" : "vmID",
        "required" : true,
        "confidential" : false,
        "displayNames" : {
          "en-US" : {
            "value" : "vmID"
          }
        },
        "descriptions" : {
          "en-US" : {
            "value" : "vmID"
          }
        },
        "type" : "string"
      } ],
      "outputParameters" : [ {
        "name" : "vmState",
        "displayName" : "vmState",
        "description" : "vmState",
        "required" : true,
        "confidential" : false,
        "displayNames" : {
          "en-US" : {
            "value" : "vmState"
          }
        },
        "descriptions" : {
          "en-US" : {
            "value" : "vmState"
          }
        },
        "type" : "string"
      } ],
      "final" : false,
      "visible" : true,
      "displayNames" : {
        "en-US" : {
          "value" : "Suspend Server"
        }
      },
      "descriptions" : {
        "en-US" : {
          "value" : "Suspend Server"
        }
      }
    },
    "processEngineDescriptors" : [ {
      "processEngineId" : "HP_OO",
      "mapping" : {
        "input" : {
          "vCenterPort" : "@PROVIDER:VMWARE_VCENTER:PORT",
          "vmID" : "@PROPERTY:vmID",
          "vCenterHost" : "@PROVIDER:VMWARE_VCENTER:HOST",
          "vCenterPassword" : "@PROVIDER:VMWARE_VCENTER:PASSWORD",
          "vCenterUsername" : "@PROVIDER:VMWARE_VCENTER:USERNAME",
          "vCenterProtocol" : "@PROVIDER:VMWARE_VCENTER:PROTOCOL"
        },
        "output" : {
          "vmState" : "@PROPERTY:vmState"
        }
      },
      "executableId" : "e40d076d-76e4-4051-9e2d-aeecd8d672e6"
    } ]
  }, {
    "actionDescriptor" : {
      "name" : "Undeploy_Server",
      "displayName" : "Undeploy Server",
      "description" : "Undeploy Server",
      "inputParameters" : [ {
        "name" : "vCenterHost",
        "displayName" : "vCenterHost",
        "description" : "vCenterHost",
        "required" : true,
        "confidential" : false,
        "displayNames" : {
          "en-US" : {
            "value" : "vCenterHost"
          }
        },
        "descriptions" : {
          "en-US" : {
            "value" : "vCenterHost"
          }
        },
        "type" : "string"
      }, {
        "name" : "vCenterPort",
        "displayName" : "vCenterPort",
        "description" : "vCenterPort",
        "required" : true,
        "confidential" : false,
        "displayNames" : {
          "en-US" : {
            "value" : "vCenterPort"
          }
        },
        "descriptions" : {
          "en-US" : {
            "value" : "vCenterPort"
          }
        },
        "type" : "string"
      }, {
        "name" : "vCenterProtocol",
        "displayName" : "vCenterProtocol",
        "description" : "vCenterProtocol",
        "required" : true,
        "confidential" : false,
        "displayNames" : {
          "en-US" : {
            "value" : "vCenterProtocol"
          }
        },
        "descriptions" : {
          "en-US" : {
            "value" : "vCenterProtocol"
          }
        },
        "type" : "string"
      }, {
        "name" : "vCenterUsername",
        "displayName" : "vCenterUsername",
        "description" : "vCenterUsername",
        "required" : true,
        "confidential" : false,
        "displayNames" : {
          "en-US" : {
            "value" : "vCenterUsername"
          }
        },
        "descriptions" : {
          "en-US" : {
            "value" : "vCenterUsername"
          }
        },
        "type" : "string"
      }, {
        "name" : "vCenterPassword",
        "displayName" : "vCenterPassword",
        "description" : "vCenterPassword",
        "required" : true,
        "confidential" : true,
        "displayNames" : {
          "en-US" : {
            "value" : "vCenterPassword"
          }
        },
        "descriptions" : {
          "en-US" : {
            "value" : "vCenterPassword"
          }
        },
        "type" : "string"
      }, {
        "name" : "datacenterName",
        "displayName" : "datacenterName",
        "description" : "datacenterName",
        "required" : true,
        "confidential" : false,
        "displayNames" : {
          "en-US" : {
            "value" : "datacenterName"
          }
        },
        "descriptions" : {
          "en-US" : {
            "value" : "datacenterName"
          }
        },
        "type" : "string"
      }, {
        "name" : "vmID",
        "displayName" : "vmID",
        "description" : "vmID",
        "required" : false,
        "confidential" : false,
        "displayNames" : {
          "en-US" : {
            "value" : "vmID"
          }
        },
        "descriptions" : {
          "en-US" : {
            "value" : "vmID"
          }
        },
        "type" : "string"
      } ],
      "outputParameters" : [ {
        "name" : "result",
        "displayName" : "result",
        "description" : "result",
        "required" : true,
        "confidential" : false,
        "displayNames" : {
          "en-US" : {
            "value" : "result"
          }
        },
        "descriptions" : {
          "en-US" : {
            "value" : "result"
          }
        },
        "type" : "string"
      } ],
      "lifecycleAction" : "Undeploy",
      "final" : false,
      "visible" : false,
      "displayNames" : {
        "en-US" : {
          "value" : "Undeploy Server"
        }
      },
      "descriptions" : {
        "en-US" : {
          "value" : "Undeploy Server"
        }
      }
    },
    "processEngineDescriptors" : [ {
      "processEngineId" : "HP_OO",
      "mapping" : {
        "input" : {
          "vCenterPort" : "@PROVIDER:VMWARE_VCENTER:PORT",
          "datacenterName" : "@PROVIDER:VMWARE_VCENTER:DATACENTERNAME",
          "vmID" : "@PROPERTY:vmID",
          "vCenterHost" : "@PROVIDER:VMWARE_VCENTER:HOST",
          "vCenterPassword" : "@PROVIDER:VMWARE_VCENTER:PASSWORD",
          "vCenterUsername" : "@PROVIDER:VMWARE_VCENTER:USERNAME",
          "vCenterProtocol" : "@PROVIDER:VMWARE_VCENTER:PROTOCOL"
        },
        "output" : {
          "result" : "@PROPERTY:result"
        }
      },
      "executableId" : "3f0c3214-1eec-452f-84a6-26783ee96b43"
    } ]
  }, {
    "actionDescriptor" : {
      "name" : "Unmodify_Server",
      "displayName" : "Unmodify Server",
      "description" : "Unmodify Server",
      "inputParameters" : [ {
        "name" : "vCenterHost",
        "displayName" : "vCenterHost",
        "description" : "vCenterHost",
        "required" : true,
        "confidential" : false,
        "displayNames" : {
          "en-US" : {
            "value" : "vCenterHost"
          }
        },
        "descriptions" : {
          "en-US" : {
            "value" : "vCenterHost"
          }
        },
        "type" : "string"
      }, {
        "name" : "vCenterPort",
        "displayName" : "vCenterPort",
        "description" : "vCenterPort",
        "required" : true,
        "confidential" : false,
        "displayNames" : {
          "en-US" : {
            "value" : "vCenterPort"
          }
        },
        "descriptions" : {
          "en-US" : {
            "value" : "vCenterPort"
          }
        },
        "type" : "string"
      }, {
        "name" : "vCenterProtocol",
        "displayName" : "vCenterProtocol",
        "description" : "vCenterProtocol",
        "required" : true,
        "confidential" : false,
        "displayNames" : {
          "en-US" : {
            "value" : "vCenterProtocol"
          }
        },
        "descriptions" : {
          "en-US" : {
            "value" : "vCenterProtocol"
          }
        },
        "type" : "string"
      }, {
        "name" : "vCenterUsername",
        "displayName" : "vCenterUsername",
        "description" : "vCenterUsername",
        "required" : true,
        "confidential" : false,
        "displayNames" : {
          "en-US" : {
            "value" : "vCenterUsername"
          }
        },
        "descriptions" : {
          "en-US" : {
            "value" : "vCenterUsername"
          }
        },
        "type" : "string"
      }, {
        "name" : "vCenterPassword",
        "displayName" : "vCenterPassword",
        "description" : "vCenterPassword",
        "required" : true,
        "confidential" : true,
        "displayNames" : {
          "en-US" : {
            "value" : "vCenterPassword"
          }
        },
        "descriptions" : {
          "en-US" : {
            "value" : "vCenterPassword"
          }
        },
        "type" : "string"
      }, {
        "name" : "datacenterName",
        "displayName" : "datacenterName",
        "description" : "datacenterName",
        "required" : true,
        "confidential" : false,
        "displayNames" : {
          "en-US" : {
            "value" : "datacenterName"
          }
        },
        "descriptions" : {
          "en-US" : {
            "value" : "datacenterName"
          }
        },
        "type" : "string"
      }, {
        "name" : "vmID",
        "displayName" : "vmID",
        "description" : "vmID",
        "required" : true,
        "confidential" : false,
        "displayNames" : {
          "en-US" : {
            "value" : "vmID"
          }
        },
        "descriptions" : {
          "en-US" : {
            "value" : "vmID"
          }
        },
        "type" : "string"
      }, {
        "name" : "cpuCount",
        "displayName" : "cpuCount",
        "description" : "cpuCount",
        "required" : false,
        "confidential" : false,
        "displayNames" : {
          "en-US" : {
            "value" : "cpuCount"
          }
        },
        "descriptions" : {
          "en-US" : {
            "value" : "cpuCount"
          }
        },
        "type" : "string"
      }, {
        "name" : "prev_cpuCount",
        "displayName" : "prev_cpuCount",
        "description" : "prev_cpuCount",
        "required" : false,
        "confidential" : false,
        "displayNames" : {
          "en-US" : {
            "value" : "prev_cpuCount"
          }
        },
        "descriptions" : {
          "en-US" : {
            "value" : "prev_cpuCount"
          }
        },
        "type" : "string"
      }, {
        "name" : "memorySize",
        "displayName" : "memorySize",
        "description" : "memorySize",
        "required" : false,
        "confidential" : false,
        "displayNames" : {
          "en-US" : {
            "value" : "memorySize"
          }
        },
        "descriptions" : {
          "en-US" : {
            "value" : "memorySize"
          }
        },
        "type" : "string"
      }, {
        "name" : "prev_memorySize",
        "displayName" : "prev_memorySize",
        "description" : "prev_memorySize",
        "required" : false,
        "confidential" : false,
        "displayNames" : {
          "en-US" : {
            "value" : "prev_memorySize"
          }
        },
        "descriptions" : {
          "en-US" : {
            "value" : "prev_memorySize"
          }
        },
        "type" : "string"
      } ],
      "outputParameters" : [ {
        "name" : "cpuCount",
        "displayName" : "cpuCount",
        "description" : "cpuCount",
        "required" : true,
        "confidential" : false,
        "displayNames" : {
          "en-US" : {
            "value" : "cpuCount"
          }
        },
        "descriptions" : {
          "en-US" : {
            "value" : "cpuCount"
          }
        },
        "type" : "string"
      }, {
        "name" : "memorySize",
        "displayName" : "memorySize",
        "description" : "memorySize",
        "required" : true,
        "confidential" : false,
        "displayNames" : {
          "en-US" : {
            "value" : "memorySize"
          }
        },
        "descriptions" : {
          "en-US" : {
            "value" : "memorySize"
          }
        },
        "type" : "string"
      }, {
        "name" : "result",
        "displayName" : "result",
        "description" : "result",
        "required" : true,
        "confidential" : false,
        "displayNames" : {
          "en-US" : {
            "value" : "result"
          }
        },
        "descriptions" : {
          "en-US" : {
            "value" : "result"
          }
        },
        "type" : "string"
      }, {
        "name" : "vmState",
        "displayName" : "vmState",
        "description" : "vmState",
        "required" : true,
        "confidential" : false,
        "displayNames" : {
          "en-US" : {
            "value" : "vmState"
          }
        },
        "descriptions" : {
          "en-US" : {
            "value" : "vmState"
          }
        },
        "type" : "string"
      } ],
      "lifecycleAction" : "Unmodify",
      "final" : false,
      "visible" : false,
      "displayNames" : {
        "en-US" : {
          "value" : "Unmodify Server"
        }
      },
      "descriptions" : {
        "en-US" : {
          "value" : "Unmodify Server"
        }
      }
    },
    "processEngineDescriptors" : [ {
      "processEngineId" : "HP_OO",
      "mapping" : {
        "input" : {
          "vCenterPort" : "@PROVIDER:VMWARE_VCENTER:PORT",
          "prev_cpuCount" : "@PROPERTY:prev_cpuCount",
          "memorySize" : "@PROPERTY:memorySize",
          "datacenterName" : "@PROVIDER:VMWARE_VCENTER:DATACENTERNAME",
          "vmID" : "@PROPERTY:vmID",
          "prev_memorySize" : "@PROPERTY:prev_memorySize",
          "vCenterHost" : "@PROVIDER:VMWARE_VCENTER:HOST",
          "vCenterPassword" : "@PROVIDER:VMWARE_VCENTER:PASSWORD",
          "vCenterUsername" : "@PROVIDER:VMWARE_VCENTER:USERNAME",
          "vCenterProtocol" : "@PROVIDER:VMWARE_VCENTER:PROTOCOL",
          "cpuCount" : "@PROPERTY:cpuCount"
        },
        "output" : {
          "result" : "@PROPERTY:result",
          "memorySize" : "@PROPERTY:memorySize",
          "vmState" : "@PROPERTY:vmState",
          "cpuCount" : "@PROPERTY:cpuCount"
        }
      },
      "executableId" : "4b7f83f3-5891-4701-8118-0999bf0d7beb"
    } ]
  }, {
    "actionDescriptor" : {
      "name" : "Deploy_Server",
      "displayName" : "Deploy Server",
      "description" : "Deploy Server",
      "inputParameters" : [ {
        "name" : "vCenterHost",
        "displayName" : "vCenterHost",
        "description" : "vCenterHost",
        "required" : true,
        "confidential" : false,
        "displayNames" : {
          "en-US" : {
            "value" : "vCenterHost"
          }
        },
        "descriptions" : {
          "en-US" : {
            "value" : "vCenterHost"
          }
        },
        "type" : "string"
      }, {
        "name" : "vCenterPort",
        "displayName" : "vCenterPort",
        "description" : "vCenterPort",
        "required" : true,
        "confidential" : false,
        "displayNames" : {
          "en-US" : {
            "value" : "vCenterPort"
          }
        },
        "descriptions" : {
          "en-US" : {
            "value" : "vCenterPort"
          }
        },
        "type" : "string"
      }, {
        "name" : "vCenterProtocol",
        "displayName" : "vCenterProtocol",
        "description" : "vCenterProtocol",
        "required" : true,
        "confidential" : false,
        "displayNames" : {
          "en-US" : {
            "value" : "vCenterProtocol"
          }
        },
        "descriptions" : {
          "en-US" : {
            "value" : "vCenterProtocol"
          }
        },
        "type" : "string"
      }, {
        "name" : "vCenterUsername",
        "displayName" : "vCenterUsername",
        "description" : "vCenterUsername",
        "required" : true,
        "confidential" : false,
        "displayNames" : {
          "en-US" : {
            "value" : "vCenterUsername"
          }
        },
        "descriptions" : {
          "en-US" : {
            "value" : "vCenterUsername"
          }
        },
        "type" : "string"
      }, {
        "name" : "vCenterPassword",
        "displayName" : "vCenterPassword",
        "description" : "vCenterPassword",
        "required" : true,
        "confidential" : true,
        "displayNames" : {
          "en-US" : {
            "value" : "vCenterPassword"
          }
        },
        "descriptions" : {
          "en-US" : {
            "value" : "vCenterPassword"
          }
        },
        "type" : "string"
      }, {
        "name" : "datacenterName",
        "displayName" : "datacenterName",
        "description" : "datacenterName",
        "required" : true,
        "confidential" : false,
        "displayNames" : {
          "en-US" : {
            "value" : "datacenterName"
          }
        },
        "descriptions" : {
          "en-US" : {
            "value" : "datacenterName"
          }
        },
        "type" : "string"
      }, {
        "name" : "vmTemplateReference",
        "displayName" : "vmTemplateReference",
        "description" : "vmTemplateReference",
        "required" : true,
        "confidential" : false,
        "displayNames" : {
          "en-US" : {
            "value" : "vmTemplateReference"
          }
        },
        "descriptions" : {
          "en-US" : {
            "value" : "vmTemplateReference"
          }
        },
        "type" : "string"
      }, {
        "name" : "vmNamePrefix",
        "displayName" : "vmNamePrefix",
        "description" : "vmNamePrefix",
        "required" : true,
        "confidential" : false,
        "displayNames" : {
          "en-US" : {
            "value" : "vmNamePrefix"
          }
        },
        "descriptions" : {
          "en-US" : {
            "value" : "vmNamePrefix"
          }
        },
        "type" : "string"
      }, {
        "name" : "customizationSpec",
        "displayName" : "customizationSpec",
        "description" : "customizationSpec",
        "required" : true,
        "confidential" : false,
        "displayNames" : {
          "en-US" : {
            "value" : "customizationSpec"
          }
        },
        "descriptions" : {
          "en-US" : {
            "value" : "customizationSpec"
          }
        },
        "type" : "string"
      }, {
        "name" : "cpuCount",
        "displayName" : "cpuCount",
        "description" : "cpuCount",
        "required" : false,
        "confidential" : false,
        "displayNames" : {
          "en-US" : {
            "value" : "cpuCount"
          }
        },
        "descriptions" : {
          "en-US" : {
            "value" : "cpuCount"
          }
        },
        "type" : "string"
      }, {
        "name" : "memorySize",
        "displayName" : "memorySize",
        "description" : "memorySize",
        "required" : false,
        "confidential" : false,
        "displayNames" : {
          "en-US" : {
            "value" : "memorySize"
          }
        },
        "descriptions" : {
          "en-US" : {
            "value" : "memorySize"
          }
        },
        "type" : "string"
      }, {
        "name" : "vmFolder",
        "displayName" : "vmFolder",
        "description" : "vmFolder",
        "required" : false,
        "confidential" : false,
        "displayNames" : {
          "en-US" : {
            "value" : "vmFolder"
          }
        },
        "descriptions" : {
          "en-US" : {
            "value" : "vmFolder"
          }
        },
        "type" : "string"
      }, {
        "name" : "clusterName",
        "displayName" : "clusterName",
        "description" : "clusterName",
        "required" : false,
        "confidential" : false,
        "displayNames" : {
          "en-US" : {
            "value" : "clusterName"
          }
        },
        "descriptions" : {
          "en-US" : {
            "value" : "clusterName"
          }
        },
        "type" : "string"
      }, {
        "name" : "vmResourcePool",
        "displayName" : "vmResourcePool",
        "description" : "vmResourcePool",
        "required" : false,
        "confidential" : false,
        "displayNames" : {
          "en-US" : {
            "value" : "vmResourcePool"
          }
        },
        "descriptions" : {
          "en-US" : {
            "value" : "vmResourcePool"
          }
        },
        "type" : "string"
      }, {
        "name" : "hostSystem",
        "displayName" : "hostSystem",
        "description" : "hostSystem",
        "required" : false,
        "confidential" : false,
        "displayNames" : {
          "en-US" : {
            "value" : "hostSystem"
          }
        },
        "descriptions" : {
          "en-US" : {
            "value" : "hostSystem"
          }
        },
        "type" : "string"
      }, {
        "name" : "dataStore",
        "displayName" : "dataStore",
        "description" : "dataStore",
        "required" : false,
        "confidential" : false,
        "displayNames" : {
          "en-US" : {
            "value" : "dataStore"
          }
        },
        "descriptions" : {
          "en-US" : {
            "value" : "dataStore"
          }
        },
        "type" : "string"
      }, {
        "name" : "username",
        "displayName" : "username",
        "description" : "username",
        "required" : false,
        "confidential" : false,
        "displayNames" : {
          "en-US" : {
            "value" : "username"
          }
        },
        "descriptions" : {
          "en-US" : {
            "value" : "username"
          }
        },
        "type" : "string"
      }, {
        "name" : "password",
        "displayName" : "password",
        "description" : "password",
        "required" : false,
        "confidential" : true,
        "displayNames" : {
          "en-US" : {
            "value" : "password"
          }
        },
        "descriptions" : {
          "en-US" : {
            "value" : "password"
          }
        },
        "type" : "string"
      }, {
        "name" : "privateKey",
        "displayName" : "privateKey",
        "description" : "privateKey",
        "required" : false,
        "confidential" : true,
        "displayNames" : {
          "en-US" : {
            "value" : "privateKey"
          }
        },
        "descriptions" : {
          "en-US" : {
            "value" : "privateKey"
          }
        },
        "type" : "string"
      } ],
      "outputParameters" : [ {
        "name" : "cpuCount",
        "displayName" : "cpuCount",
        "description" : "cpuCount",
        "required" : true,
        "confidential" : false,
        "displayNames" : {
          "en-US" : {
            "value" : "cpuCount"
          }
        },
        "descriptions" : {
          "en-US" : {
            "value" : "cpuCount"
          }
        },
        "type" : "string"
      }, {
        "name" : "hostname",
        "displayName" : "hostname",
        "description" : "hostname",
        "required" : true,
        "confidential" : false,
        "displayNames" : {
          "en-US" : {
            "value" : "hostname"
          }
        },
        "descriptions" : {
          "en-US" : {
            "value" : "hostname"
          }
        },
        "type" : "string"
      }, {
        "name" : "ipAddress",
        "displayName" : "ipAddress",
        "description" : "ipAddress",
        "required" : true,
        "confidential" : false,
        "displayNames" : {
          "en-US" : {
            "value" : "ipAddress"
          }
        },
        "descriptions" : {
          "en-US" : {
            "value" : "ipAddress"
          }
        },
        "type" : "string"
      }, {
        "name" : "ipAddressList",
        "displayName" : "ipAddressList",
        "description" : "ipAddressList",
        "required" : true,
        "confidential" : false,
        "displayNames" : {
          "en-US" : {
            "value" : "ipAddressList"
          }
        },
        "descriptions" : {
          "en-US" : {
            "value" : "ipAddressList"
          }
        },
        "type" : "string"
      }, {
        "name" : "macAddress",
        "displayName" : "macAddress",
        "description" : "macAddress",
        "required" : true,
        "confidential" : false,
        "displayNames" : {
          "en-US" : {
            "value" : "macAddress"
          }
        },
        "descriptions" : {
          "en-US" : {
            "value" : "macAddress"
          }
        },
        "type" : "string"
      }, {
        "name" : "memorySize",
        "displayName" : "memorySize",
        "description" : "memorySize",
        "required" : true,
        "confidential" : false,
        "displayNames" : {
          "en-US" : {
            "value" : "memorySize"
          }
        },
        "descriptions" : {
          "en-US" : {
            "value" : "memorySize"
          }
        },
        "type" : "string"
      }, {
        "name" : "result",
        "displayName" : "result",
        "description" : "result",
        "required" : true,
        "confidential" : false,
        "displayNames" : {
          "en-US" : {
            "value" : "result"
          }
        },
        "descriptions" : {
          "en-US" : {
            "value" : "result"
          }
        },
        "type" : "string"
      }, {
        "name" : "vmID",
        "displayName" : "vmID",
        "description" : "vmID",
        "required" : true,
        "confidential" : false,
        "displayNames" : {
          "en-US" : {
            "value" : "vmID"
          }
        },
        "descriptions" : {
          "en-US" : {
            "value" : "vmID"
          }
        },
        "type" : "string"
      }, {
        "name" : "vmState",
        "displayName" : "vmState",
        "description" : "vmState",
        "required" : true,
        "confidential" : false,
        "displayNames" : {
          "en-US" : {
            "value" : "vmState"
          }
        },
        "descriptions" : {
          "en-US" : {
            "value" : "vmState"
          }
        },
        "type" : "string"
      } ],
      "lifecycleAction" : "Deploy",
      "final" : false,
      "visible" : false,
      "displayNames" : {
        "en-US" : {
          "value" : "Deploy Server"
        }
      },
      "descriptions" : {
        "en-US" : {
          "value" : "Deploy Server"
        }
      }
    },
    "processEngineDescriptors" : [ {
      "processEngineId" : "HP_OO",
      "mapping" : {
        "input" : {
          "customizationSpec" : "@PROPERTY:customizationSpec",
          "datacenterName" : "@PROVIDER:VMWARE_VCENTER:DATACENTERNAME",
          "vmResourcePool" : "@PROPERTY:vmResourcePool",
          "hostSystem" : "@PROPERTY:hostSystem",
          "vCenterHost" : "@PROVIDER:VMWARE_VCENTER:HOST",
          "vCenterPassword" : "@PROVIDER:VMWARE_VCENTER:PASSWORD",
          "vmNamePrefix" : "@PROPERTY:vmNamePrefix",
          "vCenterUsername" : "@PROVIDER:VMWARE_VCENTER:USERNAME",
          "vCenterProtocol" : "@PROVIDER:VMWARE_VCENTER:PROTOCOL",
          "vCenterPort" : "@PROVIDER:VMWARE_VCENTER:PORT",
          "privateKey" : "@PROPERTY:privateKey",
          "password" : "@PROPERTY:password",
          "memorySize" : "@PROPERTY:memorySize",
          "vmFolder" : "@PROPERTY:vmFolder",
          "clusterName" : "@PROPERTY:clusterName",
          "vmTemplateReference" : "@PROPERTY:vmTemplateReference",
          "dataStore" : "@PROPERTY:dataStore",
          "cpuCount" : "@PROPERTY:cpuCount",
          "username" : "@PROPERTY:username"
        },
        "output" : {
          "result" : "@PROPERTY:result",
          "hostname" : "@PROPERTY:hostname",
          "macAddress" : "@PROPERTY:macAddress",
          "memorySize" : "@PROPERTY:memorySize",
          "vmID" : "@PROPERTY:vmID",
          "ipAddress" : "@PROPERTY:ipAddress",
          "vmState" : "@PROPERTY:vmState",
          "cpuCount" : "@PROPERTY:cpuCount",
          "ipAddressList" : "@PROPERTY:ipAddressList"
        }
      },
      "executableId" : "9eb38d72-b837-4c4c-aa81-c86015f0619e"
    } ]
  } ],
  "relations" : [ ],
  "properties" : [ ],
  "revision" : 0,
  "resourceType" : "SERVER",
  "displayNames" : {
    "en-US" : {
      "value" : "vCenter Server"
    }
  },
  "descriptions" : {
    "en-US" : {
      "value" : "vCenter Server"
    }
  }
}