<Topology _type="Topology">
  <id>cfc40fe6-7884-4e74-93c1-a8f91e02e422</id>
  <groupId>com.hp.csa</groupId>
  <artifactId>8a8186da4dd6c917014dd7fdae5c0943</artifactId>
  <version>1.50.00</version>
  <description>A two-tier PetClinic Application with Database component installed on MySQL and Application component on Tomcat Server. These components are deployed on vCenter Servers.</description>
  <resources>
    <id>01c99a61-d8b2-debe-cbfc-44b7929167e9</id>
    <name>vCenter Server</name>
    <componentType>
      <groupId>com.hp.csa.type</groupId>
      <artifactId>VcenterServerType</artifactId>
      <version>15.07.0000</version>
    </componentType>
    <properties>
      <customizationSpec>
        <value/>
        <type>string</type>
      </customizationSpec>
      <vmResourcePool>
        <value/>
        <type>string</type>
      </vmResourcePool>
      <vmID>
        <value/>
        <type>string</type>
      </vmID>
      <ipAddress>
        <value/>
        <type>string</type>
      </ipAddress>
      <hostSystem>
        <value/>
        <type>string</type>
      </hostSystem>
      <vmNamePrefix>
        <value/>
        <type>string</type>
      </vmNamePrefix>
      <ipAddressList>
        <value/>
        <type>string</type>
      </ipAddressList>
      <result>
        <value/>
        <type>string</type>
      </result>
      <privateKey>
        <value/>
        <type>string_encrypted</type>
      </privateKey>
      <hostname>
        <value/>
        <type>string</type>
      </hostname>
      <macAddress>
        <value/>
        <type>string</type>
      </macAddress>
      <password>
        <value/>
        <type>string_encrypted</type>
      </password>
      <memorySize>
        <value>512</value>
        <type>number</type>
      </memorySize>
      <vmFolder>
        <value/>
        <type>string</type>
      </vmFolder>
      <clusterName>
        <value/>
        <type>string</type>
      </clusterName>
      <vmTemplateReference>
        <value/>
        <type>string</type>
      </vmTemplateReference>
      <dataStore>
        <value/>
        <type>string</type>
      </dataStore>
      <vmState>
        <value/>
        <type>string</type>
      </vmState>
      <cpuCount>
        <value>2</value>
        <type>number</type>
      </cpuCount>
      <username>
        <value/>
        <type>string</type>
      </username>
    </properties>
    <tags>
      <uniqueName>
        <value>vCenterServer0001</value>
      </uniqueName>
      <displayName>
        <value>vCenter Server</value>
      </displayName>
      <x>
        <value>275</value>
      </x>
      <description>
        <value>vCenter Server</value>
      </description>
      <y>
        <value>433</value>
      </y>
    </tags>
  </resources>
  <resources>
    <id>afb3aea0-1f37-775c-f3e7-6b452188be36</id>
    <name>vCenter Server</name>
    <componentType>
      <groupId>com.hp.csa.type</groupId>
      <artifactId>VcenterServerType</artifactId>
      <version>15.07.0000</version>
    </componentType>
    <properties>
      <customizationSpec>
        <value/>
        <type>string</type>
      </customizationSpec>
      <vmResourcePool>
        <value/>
        <type>string</type>
      </vmResourcePool>
      <vmID>
        <value/>
        <type>string</type>
      </vmID>
      <ipAddress>
        <value/>
        <type>string</type>
      </ipAddress>
      <hostSystem>
        <value/>
        <type>string</type>
      </hostSystem>
      <vmNamePrefix>
        <value/>
        <type>string</type>
      </vmNamePrefix>
      <ipAddressList>
        <value/>
        <type>string</type>
      </ipAddressList>
      <result>
        <value/>
        <type>string</type>
      </result>
      <privateKey>
        <value/>
        <type>string_encrypted</type>
      </privateKey>
      <hostname>
        <value/>
        <type>string</type>
      </hostname>
      <macAddress>
        <value/>
        <type>string</type>
      </macAddress>
      <password>
        <value/>
        <type>string_encrypted</type>
      </password>
      <memorySize>
        <value>512</value>
        <type>number</type>
      </memorySize>
      <vmFolder>
        <value/>
        <type>string</type>
      </vmFolder>
      <clusterName>
        <value/>
        <type>string</type>
      </clusterName>
      <vmTemplateReference>
        <value/>
        <type>string</type>
      </vmTemplateReference>
      <dataStore>
        <value/>
        <type>string</type>
      </dataStore>
      <vmState>
        <value/>
        <type>string</type>
      </vmState>
      <cpuCount>
        <value>2</value>
        <type>number</type>
      </cpuCount>
      <username>
        <value/>
        <type>string</type>
      </username>
    </properties>
    <tags>
      <uniqueName>
        <value>vCenterServer0002</value>
      </uniqueName>
      <displayName>
        <value>vCenter Server</value>
      </displayName>
      <x>
        <value>556</value>
      </x>
      <description>
        <value>vCenter Server</value>
      </description>
      <y>
        <value>431</value>
      </y>
    </tags>
  </resources>
  <resources>
    <id>e293d1f8-46e5-4e2a-258d-c61772360db3</id>
    <name>Tomcat Application Server</name>
    <componentType>
      <groupId>com.hp.csa.type</groupId>
      <artifactId>Tomcat_Server_c2bc9714_19c3_488b_bdd0_37ee9544a21f_aade4fa90c4a4c8397d9a9bf4d141949</artifactId>
      <version>1</version>
    </componentType>
    <properties>
      <configurationUrl>
        <value/>
        <type>string</type>
      </configurationUrl>
      <sshPort>
        <value>22</value>
        <type>string</type>
      </sshPort>
      <installPath>
        <value/>
        <type>string</type>
      </installPath>
      <appProtocol>
        <value/>
        <type>string</type>
      </appProtocol>
      <_modifiable_properties>
        <value/>
        <type>string</type>
      </_modifiable_properties>
      <appPort>
        <value/>
        <type>string</type>
      </appPort>
      <remoteFilePath>
        <value>/tmp/</value>
        <type>string</type>
      </remoteFilePath>
      <Result>
        <value/>
        <type>string</type>
      </Result>
      <hostname>
        <value/>
        <type>string</type>
      </hostname>
      <password>
        <value/>
        <type>string_encrypted</type>
      </password>
      <serviceCommand>
        <value/>
        <type>string</type>
      </serviceCommand>
      <_enable_modify_during_lifecycle_properties>
        <value/>
        <type>string</type>
      </_enable_modify_during_lifecycle_properties>
      <port>
        <value/>
        <type>string</type>
      </port>
      <response>
        <value/>
        <type>string</type>
      </response>
      <artifactPassword>
        <value/>
        <type>string_encrypted</type>
      </artifactPassword>
      <artifactUrl>
        <value/>
        <type>string</type>
      </artifactUrl>
      <privatekeyPath>
        <value/>
        <type>string</type>
      </privatekeyPath>
      <artifactUsername>
        <value/>
        <type>string</type>
      </artifactUsername>
      <username>
        <value/>
        <type>string</type>
      </username>
    </properties>
    <outgoingRelations>
      <relationType>association</relationType>
      <id>4c7aef31-78a1-277f-e7e8-431ff6497e5b</id>
      <properties>
        <_enable_modify_during_lifecycle_properties>
          <value/>
          <type>string</type>
        </_enable_modify_during_lifecycle_properties>
        <_modifiable_properties>
          <value/>
          <type>string</type>
        </_modifiable_properties>
        <_relation_type>
          <value>
            <first>Association</first>
            <second>ASSOCIATION</second>
          </value>
          <type>pair</type>
        </_relation_type>
      </properties>
      <relationDescriptorName>installsOn_Tomcat_Server_c2bc9714_19c3_488b_bdd0_37ee9544a21f_aade4fa90c4a4c8397d9a9bf4d141949</relationDescriptorName>
      <topologyResource>
        <id>afb3aea0-1f37-775c-f3e7-6b452188be36</id>
      </topologyResource>
    </outgoingRelations>
    <tags>
      <uniqueName>
        <value>TomcatApplicatio0001</value>
      </uniqueName>
      <displayName>
        <value>Tomcat Application Server</value>
      </displayName>
      <x>
        <value>539</value>
      </x>
      <description>
        <value>Apache Tomcat Application Server</value>
      </description>
      <y>
        <value>256</value>
      </y>
    </tags>
  </resources>
  <resources>
    <id>01a77e8e-3578-ec61-2663-d192034b25e2</id>
    <name>PetClinic DB Conf</name>
    <componentType>
      <groupId>com.hp.csa.type</groupId>
      <artifactId>New_PetDB_855ff95b_fde7_432e_b4dd_b7f7e8c2ba67_e6b6ca0914a34eec93438670d70e55e4</artifactId>
      <version>1</version>
    </componentType>
    <properties>
      <configurationurl>
        <value/>
        <type>string</type>
      </configurationurl>
      <mysqlusername>
        <value/>
        <type>string</type>
      </mysqlusername>
      <_modifiable_properties>
        <value/>
        <type>string</type>
      </_modifiable_properties>
      <mysqlpassword>
        <value/>
        <type>string_encrypted</type>
      </mysqlpassword>
      <artifactusername>
        <value/>
        <type>string</type>
      </artifactusername>
      <hostname>
        <value/>
        <type>string</type>
      </hostname>
      <password>
        <value/>
        <type>string_encrypted</type>
      </password>
      <artifactpassword>
        <value/>
        <type>string</type>
      </artifactpassword>
      <_enable_modify_during_lifecycle_properties>
        <value/>
        <type>string</type>
      </_enable_modify_during_lifecycle_properties>
      <port>
        <value>22</value>
        <type>string</type>
      </port>
      <response>
        <value/>
        <type>string</type>
      </response>
      <privatekeyPath>
        <value/>
        <type>string</type>
      </privatekeyPath>
      <remotefilepath>
        <value>/tmp/</value>
        <type>string</type>
      </remotefilepath>
      <servicecommand>
        <value/>
        <type>string</type>
      </servicecommand>
      <username>
        <value/>
        <type>string</type>
      </username>
    </properties>
    <outgoingRelations>
      <relationType>association</relationType>
      <id>41c13ceb-8111-2c10-7262-fe3b7ed1e9bf</id>
      <properties>
        <_enable_modify_during_lifecycle_properties>
          <value/>
          <type>string</type>
        </_enable_modify_during_lifecycle_properties>
        <_modifiable_properties>
          <value/>
          <type>string</type>
        </_modifiable_properties>
        <_relation_type>
          <value>
            <first>Association</first>
            <second>ASSOCIATION</second>
          </value>
          <type>pair</type>
        </_relation_type>
      </properties>
      <relationDescriptorName>configuresDb_New_PetDB_855ff95b_fde7_432e_b4dd_b7f7e8c2ba67_e6b6ca0914a34eec93438670d70e55e4</relationDescriptorName>
      <topologyResource>
        <id>f4bc9e42-4fb0-892a-81f8-ce4c9069fbdf</id>
      </topologyResource>
    </outgoingRelations>
    <tags>
      <uniqueName>
        <value>PetClinicDBConf0001</value>
      </uniqueName>
      <displayName>
        <value>PetClinic DB Conf</value>
      </displayName>
      <x>
        <value>270</value>
      </x>
      <description>
        <value>Creates Pet Clinic Database on the database server</value>
      </description>
      <y>
        <value>68</value>
      </y>
    </tags>
  </resources>
  <resources>
    <id>f4bc9e42-4fb0-892a-81f8-ce4c9069fbdf</id>
    <name>MySQL Database</name>
    <componentType>
      <groupId>com.hp.csa.type</groupId>
      <artifactId>MySQL_Database_20509e36_558f_4502_ba03_f76f5d879afb_f21f3034d7ea4431981b737d81ce6299</artifactId>
      <version>1</version>
    </componentType>
    <properties>
      <configurationUrl>
        <value/>
        <type>string</type>
      </configurationUrl>
      <sshPort>
        <value>22</value>
        <type>string</type>
      </sshPort>
      <installPath>
        <value/>
        <type>string</type>
      </installPath>
      <_modifiable_properties>
        <value/>
        <type>string</type>
      </_modifiable_properties>
      <type>
        <value/>
        <type>string</type>
      </type>
      <remoteFilePath>
        <value>/tmp/</value>
        <type>string</type>
      </remoteFilePath>
      <Result>
        <value/>
        <type>string</type>
      </Result>
      <hostname>
        <value/>
        <type>string</type>
      </hostname>
      <password>
        <value/>
        <type>string_encrypted</type>
      </password>
      <serviceCommand>
        <value/>
        <type>string</type>
      </serviceCommand>
      <_enable_modify_during_lifecycle_properties>
        <value/>
        <type>string</type>
      </_enable_modify_during_lifecycle_properties>
      <port>
        <value/>
        <type>string</type>
      </port>
      <response>
        <value/>
        <type>string</type>
      </response>
      <artifactPassword>
        <value/>
        <type>string_encrypted</type>
      </artifactPassword>
      <artifactUrl>
        <value/>
        <type>string</type>
      </artifactUrl>
      <privatekeyPath>
        <value/>
        <type>string</type>
      </privatekeyPath>
      <artifactUsername>
        <value/>
        <type>string</type>
      </artifactUsername>
      <username>
        <value/>
        <type>string</type>
      </username>
    </properties>
    <outgoingRelations>
      <relationType>association</relationType>
      <id>bff202f5-7178-3cb2-db44-0ca9a05d6ef2</id>
      <properties>
        <_enable_modify_during_lifecycle_properties>
          <value/>
          <type>string</type>
        </_enable_modify_during_lifecycle_properties>
        <_modifiable_properties>
          <value/>
          <type>string</type>
        </_modifiable_properties>
        <_relation_type>
          <value>
            <first>Association</first>
            <second>ASSOCIATION</second>
          </value>
          <type>pair</type>
        </_relation_type>
      </properties>
      <relationDescriptorName>installsOn_MySQL_Database_20509e36_558f_4502_ba03_f76f5d879afb_f21f3034d7ea4431981b737d81ce6299</relationDescriptorName>
      <topologyResource>
        <id>01c99a61-d8b2-debe-cbfc-44b7929167e9</id>
      </topologyResource>
    </outgoingRelations>
    <tags>
      <uniqueName>
        <value>MySQLDatabase0001</value>
      </uniqueName>
      <displayName>
        <value>MySQL Database</value>
      </displayName>
      <x>
        <value>273</value>
      </x>
      <description>
        <value>MySQL Database Server</value>
      </description>
      <y>
        <value>254</value>
      </y>
    </tags>
  </resources>
  <resources>
    <id>efc90fde-c75c-d5e5-bd3e-7f7ce358e2e2</id>
    <name>PetClinic Application</name>
    <componentType>
      <groupId>com.hp.csa.type</groupId>
      <artifactId>PetClinicApplicationType</artifactId>
      <version>1.50.0000</version>
    </componentType>
    <properties>
      <configurationurl>
        <value/>
        <type>string</type>
      </configurationurl>
      <hostusername>
        <value/>
        <type>string</type>
      </hostusername>
      <mysqlusername>
        <value/>
        <type>string</type>
      </mysqlusername>
      <localfilepath>
        <value>petclinic.war</value>
        <type>string</type>
      </localfilepath>
      <mysqlpassword>
        <value/>
        <type>string_encrypted</type>
      </mysqlpassword>
      <apphostname>
        <value/>
        <type>string</type>
      </apphostname>
      <result>
        <value/>
        <type>string</type>
      </result>
      <artifactusername>
        <value/>
        <type>string</type>
      </artifactusername>
      <artifactpassword>
        <value/>
        <type>string_encrypted</type>
      </artifactpassword>
      <dbhostname>
        <value/>
        <type>string</type>
      </dbhostname>
      <dbpassword>
        <value/>
        <type>string_encrypted</type>
      </dbpassword>
      <port>
        <value>22</value>
        <type>string</type>
      </port>
      <tomcathome>
        <value/>
        <type>string</type>
      </tomcathome>
      <response>
        <value/>
        <type>string</type>
      </response>
      <artifacturl>
        <value/>
        <type>string</type>
      </artifacturl>
      <dbusername>
        <value/>
        <type>string</type>
      </dbusername>
      <privatekeyPath>
        <value/>
        <type>string</type>
      </privatekeyPath>
      <remotefilepath>
        <value>/tmp/</value>
        <type>string</type>
      </remotefilepath>
      <servicecommand>
        <value/>
        <type>string</type>
      </servicecommand>
      <hostpassword>
        <value/>
        <type>string_encrypted</type>
      </hostpassword>
    </properties>
    <outgoingRelations>
      <relationType>association</relationType>
      <id>2693f7e8-004c-2cdc-6e9d-81cdf284706d</id>
      <properties>
        <_enable_modify_during_lifecycle_properties>
          <value/>
          <type>string</type>
        </_enable_modify_during_lifecycle_properties>
        <_modifiable_properties>
          <value/>
          <type>string</type>
        </_modifiable_properties>
        <_relation_type>
          <value>
            <first>Association</first>
            <second>ASSOCIATION</second>
          </value>
          <type>pair</type>
        </_relation_type>
      </properties>
      <relationDescriptorName>hostedOn_PetClinicApplicationType__VERSION__1^50^0000__GROUPID__com^hp^csa^type</relationDescriptorName>
      <topologyResource>
        <id>e293d1f8-46e5-4e2a-258d-c61772360db3</id>
      </topologyResource>
    </outgoingRelations>
    <outgoingRelations>
      <relationType>association</relationType>
      <id>a71030c7-8d78-a6fb-88c5-d096ca1485fa</id>
      <properties>
        <_enable_modify_during_lifecycle_properties>
          <value/>
          <type>string</type>
        </_enable_modify_during_lifecycle_properties>
        <_modifiable_properties>
          <value/>
          <type>string</type>
        </_modifiable_properties>
        <_relation_type>
          <value>
            <first>Association</first>
            <second>ASSOCIATION</second>
          </value>
          <type>pair</type>
        </_relation_type>
      </properties>
      <relationDescriptorName>dbDetails_PetClinicApplicationType__VERSION__1^50^0000__GROUPID__com^hp^csa^type</relationDescriptorName>
      <topologyResource>
        <id>01a77e8e-3578-ec61-2663-d192034b25e2</id>
      </topologyResource>
    </outgoingRelations>
    <tags>
      <uniqueName>
        <value>PetClinicApplica0001</value>
      </uniqueName>
      <displayName>
        <value>PetClinic Application</value>
      </displayName>
      <x>
        <value>539</value>
      </x>
      <description>
        <value>PetClinic Application</value>
      </description>
      <y>
        <value>72</value>
      </y>
    </tags>
  </resources>
  <displayName>PetClinic Application on vCenter</displayName>
  <revision>160</revision>
  <iconUrl>/csa/images/library/pets.png</iconUrl>
  <tagIds>
    <tagIds>8a818cf8ara15bc772b0145cb6efjhg99</tagIds>
  </tagIds>
  <tags>
    <serviceBlueprintId>
      <value>8a8186da4dd6c917014dd7fdaefa0946</value>
    </serviceBlueprintId>
    <providerType>
      <value>independent</value>
    </providerType>
  </tags>
  <createdOn>1432873811507</createdOn>
  <updatedOn>1433850434620</updatedOn>
  <state>UNLOCKED</state>
  <hidden>false</hidden>
  <bound>false</bound>
  <partial>false</partial>
</Topology>